"STATION","DATE","LATITUDE","LONGITUDE","ELEVATION","NAME","TEMP","TEMP_ATTRIBUTES","DEWP","DEWP_ATTRIBUTES","SLP","SLP_ATTRIBUTES","STP","STP_ATTRIBUTES","VISIB","VISIB_ATTRIBUTES","WDSP","WDSP_ATTRIBUTES","MXSPD","GUST","MAX","MAX_ATTRIBUTES","MIN","MIN_ATTRIBUTES","PRCP","PRCP_ATTRIBUTES","SNDP","FRSHTT"
"60725099999","1995-01-01","36.4833333","8.8","144.0","JENDOUBA, TS","  63.7"," 7","  45.3"," 7","1011.5"," 7","994.6"," 7","  7.1"," 7","  8.4"," 7"," 21.0","999.9","  76.5"," ","  51.8","*"," 0.00","D","999.9","000000"
"60725099999","1995-01-02","36.4833333","8.8","144.0","JENDOUBA, TS","  50.8"," 7","  39.6"," 7","1018.4"," 7","000.0"," 7","  5.9"," 7","  7.7"," 7"," 14.0","999.9","  58.1"," ","  43.9","*"," 0.00","D","999.9","000000"
"60725099999","1995-01-03","36.4833333","8.8","144.0","JENDOUBA, TS","  44.8"," 7","  36.4"," 7","1019.2"," 7","001.5"," 7","  4.3"," 7","  9.5"," 7"," 16.9","999.9","  51.1"," ","  38.8"," "," 0.24","G","999.9","010010"
"60725099999","1995-01-04","36.4833333","8.8","144.0","JENDOUBA, TS","  42.1"," 7","  39.6"," 7","1019.2"," 7","001.4"," 7","  4.1"," 7","  6.0"," 7","  9.9","999.9","  45.7"," ","  38.3"," "," 0.51","G","999.9","010000"
"60725099999","1995-01-05","36.4833333","8.8","144.0","JENDOUBA, TS","  40.8"," 7","  37.8"," 6","1020.6"," 7","002.8"," 7","  4.6"," 7","  5.7"," 7"," 12.0","999.9","  46.4"," ","  35.8"," "," 0.71","G","999.9","010000"
"60725099999","1995-01-06","36.4833333","8.8","144.0","JENDOUBA, TS","  44.3"," 7","  40.0"," 7","1019.8"," 7","002.1"," 7","  7.8"," 7","  4.8"," 7","  9.9","999.9","  52.3"," ","  34.7"," "," 0.55","G","999.9","010000"
"60725099999","1995-01-07","36.4833333","8.8","144.0","JENDOUBA, TS","  46.6"," 7","  43.4"," 7","1015.4"," 7","997.9"," 7","  5.0"," 7","  2.6"," 7","  8.0","999.9","  54.3"," ","  38.8"," "," 0.12","G","999.9","010000"
"60725099999","1995-01-08","36.4833333","8.8","144.0","JENDOUBA, TS","  46.2"," 7","  43.9"," 7","1019.6"," 7","002.0"," 7","  3.9"," 7","  2.0"," 7","  6.0","999.9","  48.2"," ","  42.4"," "," 0.16","G","999.9","010000"
"60725099999","1995-01-09","36.4833333","8.8","144.0","JENDOUBA, TS","  44.2"," 7","  39.3"," 7","1021.2"," 7","003.5"," 7","  5.6"," 7","  3.7"," 7","  9.9","999.9","  50.7"," ","  38.1"," "," 0.59","G","999.9","000000"
"60725099999","1995-01-10","36.4833333","8.8","144.0","JENDOUBA, TS","  49.0"," 7","  43.8"," 7","1020.7"," 7","003.1"," 7","  4.8"," 7","  8.5"," 7","  9.9","999.9","  55.0"," ","  38.8"," "," 0.01","G","999.9","010000"
"60725099999","1995-01-11","36.4833333","8.8","144.0","JENDOUBA, TS","  55.2"," 7","  46.8"," 7","1016.5"," 7","999.2"," 7","  6.1"," 7"," 10.9"," 7"," 14.0","999.9","  60.6"," ","  49.5"," "," 0.28","G","999.9","010000"
"60725099999","1995-01-12","36.4833333","8.8","144.0","JENDOUBA, TS","  49.8"," 6","  44.1"," 6","1012.9"," 6","995.5"," 6","  4.3"," 6","  8.3"," 6"," 14.0","999.9","  53.2","*","  44.4","*"," 0.01","G","999.9","010000"
"60725099999","1995-01-13","36.4833333","8.8","144.0","JENDOUBA, TS","  40.3"," 7","  36.8"," 7","1017.4"," 7","999.5"," 7","  4.8"," 7","  7.1"," 7"," 14.0","999.9","  46.0"," ","  37.4","*"," 0.24","G","999.9","010010"
"60725099999","1995-01-14","36.4833333","8.8","144.0","JENDOUBA, TS","  41.9"," 4","  31.7"," 4","1019.7"," 4","001.9"," 4","  5.3"," 4","  7.5"," 4","  9.9","999.9","  46.4"," ","  35.6","*"," 0.00","G","999.9","010010"
"60725099999","1995-01-18","36.4833333","8.8","144.0","JENDOUBA, TS","  47.6"," 4","  37.9"," 4","1024.6"," 4","007.0"," 4"," 10.3"," 4","  3.0"," 4"," 12.0","999.9","  58.1","*","  30.2"," "," 0.00","D","999.9","000000"
"60725099999","1995-01-19","36.4833333","8.8","144.0","JENDOUBA, TS","  51.7"," 7","  43.6"," 7","1027.4"," 7","009.8"," 7","  5.3"," 7","  7.1"," 7","  9.9","999.9","  58.3"," ","  43.2"," "," 0.00","D","999.9","000000"
"60725099999","1995-01-20","36.4833333","8.8","144.0","JENDOUBA, TS","  48.5"," 7","  43.8"," 7","1029.2"," 7","011.4"," 7","  5.4"," 7","  0.6"," 7","  4.1","999.9","  64.4"," ","  33.8"," "," 0.00","D","999.9","000000"
"60725099999","1995-01-21","36.4833333","8.8","144.0","JENDOUBA, TS","  52.7"," 7","  47.2"," 7","1028.8"," 7","011.2"," 7","  6.5"," 7","  2.0"," 7","  6.0","999.9","  65.5"," ","  43.7","*"," 0.00","D","999.9","000000"
"60725099999","1995-01-22","36.4833333","8.8","144.0","JENDOUBA, TS","  52.4"," 7","  42.9"," 7","1030.0"," 7","012.4"," 7","  6.9"," 7","  2.9"," 7","  8.0","999.9","  64.9"," ","  41.5"," "," 0.08","G","999.9","000000"
"60725099999","1995-01-23","36.4833333","8.8","144.0","JENDOUBA, TS","  51.6"," 7","  39.4"," 7","1026.2"," 7","008.6"," 7","  7.2"," 7","  2.0"," 7","  6.0","999.9","  72.0"," ","  34.0"," "," 0.00","G","999.9","000000"
"60725099999","1995-01-24","36.4833333","8.8","144.0","JENDOUBA, TS","  53.1"," 7","  45.2"," 7","1025.9"," 7","007.6"," 7","  8.3"," 7","  4.9"," 7","  8.0","999.9","  64.4"," ","  39.7"," "," 0.00","D","999.9","000000"
"60725099999","1995-01-25","36.4833333","8.8","144.0","JENDOUBA, TS","  56.0"," 7","  46.1"," 7","1026.0"," 7","008.5"," 7","  8.0"," 7","  1.4"," 7","  8.0","999.9","  72.3"," ","  41.7"," "," 0.00","D","999.9","000000"
"60725099999","1995-01-26","36.4833333","8.8","144.0","JENDOUBA, TS","  56.7"," 7","  46.0"," 7","1021.1"," 7","003.9"," 7","  7.3"," 7","  2.6"," 7"," 12.0","999.9","  75.0"," ","  40.1"," "," 0.00","D","999.9","000000"
"60725099999","1995-01-27","36.4833333","8.8","144.0","JENDOUBA, TS","  54.9"," 8","  47.2"," 8","1023.8"," 8","006.3"," 8","  6.6"," 8","  5.5"," 8","  8.0","999.9","  64.9"," ","  44.4"," "," 0.00","D","999.9","000000"
"60725099999","1995-01-28","36.4833333","8.8","144.0","JENDOUBA, TS","  56.4"," 7","  45.4"," 7","1024.8"," 7","007.4"," 7","  8.0"," 7","  4.3"," 7","  9.9","999.9","  70.5"," ","  45.7"," "," 0.00","D","999.9","000000"
"60725099999","1995-01-29","36.4833333","8.8","144.0","JENDOUBA, TS","  56.2"," 7","  46.6"," 7","1024.4"," 7","007.0"," 7","  7.4"," 7","  2.3"," 7","  4.1","999.9","  66.2"," ","  44.8"," "," 0.00","D","999.9","000000"
"60725099999","1995-01-30","36.4833333","8.8","144.0","JENDOUBA, TS","  56.7"," 7","  45.0"," 7","1020.2"," 7","002.8"," 7","  8.3"," 7","  4.6"," 7","  8.0","999.9","  69.8"," ","  41.7"," "," 0.00","D","999.9","000000"
"60725099999","1995-01-31","36.4833333","8.8","144.0","JENDOUBA, TS","  56.5"," 7","  46.4"," 7","1022.8"," 7","005.5"," 7","  5.9"," 7","  8.5"," 7"," 14.0","999.9","  61.9"," ","  50.0"," "," 0.02","G","999.9","010000"
"60725099999","1995-02-01","36.4833333","8.8","144.0","JENDOUBA, TS","  51.8"," 7","  42.6"," 7","1026.7"," 7","009.2"," 7","  5.9"," 7","  2.9"," 7","  6.0","999.9","  59.0"," ","  44.2","*"," 0.00","G","999.9","010000"
"60725099999","1995-02-02","36.4833333","8.8","144.0","JENDOUBA, TS","  46.3"," 7","  37.6"," 7","1026.5"," 7","008.7"," 7","  7.5"," 7","  2.3"," 6","  6.0","999.9","  62.2"," ","  16.5"," "," 0.00","D","999.9","000000"
"60725099999","1995-02-03","36.4833333","8.8","144.0","JENDOUBA, TS","  52.0"," 7","  45.4"," 7","1028.2"," 7","010.5"," 7","  5.6"," 7","  2.3"," 7","  6.0","999.9","  63.9"," ","  41.0"," "," 0.00","D","999.9","000000"
"60725099999","1995-02-04","36.4833333","8.8","144.0","JENDOUBA, TS","  54.1"," 5","  44.3"," 5","1031.1"," 5","013.5"," 5","  7.6"," 5","  5.6"," 5","  9.9","999.9","  59.2"," ","  31.5"," "," 0.00","D","999.9","000000"
"60725099999","1995-02-05","36.4833333","8.8","144.0","JENDOUBA, TS","  53.9"," 7","  47.2"," 7","1028.4"," 7","010.8"," 7","  4.6"," 6","  6.5"," 7","  9.9","999.9","  59.4"," ","  46.4"," "," 0.00","D","999.9","000000"
"60725099999","1995-02-06","36.4833333","8.8","144.0","JENDOUBA, TS","  55.2"," 7","  44.7"," 7","1026.5"," 7","009.1"," 7","  7.7"," 7","  5.7"," 7"," 14.0","999.9","  66.6"," ","  42.8"," "," 0.00","G","999.9","000000"
"60725099999","1995-02-07","36.4833333","8.8","144.0","JENDOUBA, TS","  55.3"," 7","  43.3"," 7","1023.5"," 7","006.1"," 7","  8.2"," 7","  2.6"," 7","  6.0","999.9","  68.7"," ","  38.5"," "," 0.00","D","999.9","000000"
"60725099999","1995-02-08","36.4833333","8.8","144.0","JENDOUBA, TS","  53.7"," 7","  42.8"," 7","1019.7"," 7","002.3"," 7","  8.9"," 7","  4.0"," 7","  8.0","999.9","  68.7"," ","  37.2"," "," 0.00","D","999.9","000000"
"60725099999","1995-02-09","36.4833333","8.8","144.0","JENDOUBA, TS","  55.4"," 7","  43.3"," 7","1013.7"," 7","996.4"," 7","  8.2"," 7","  6.2"," 7"," 14.0","999.9","  70.5"," ","  39.2"," "," 0.00","D","999.9","000000"
"60725099999","1995-02-10","36.4833333","8.8","144.0","JENDOUBA, TS","  58.5"," 6","  47.6"," 6","1012.7"," 6","995.6"," 6","  8.1"," 6","  2.7"," 6","  8.0","999.9","  70.7"," ","  50.0","*"," 0.00","D","999.9","000000"
"60725099999","1995-02-11","36.4833333","8.8","144.0","JENDOUBA, TS","  56.1"," 7","  46.5"," 7","1015.6"," 7","998.2"," 7","  6.8"," 7","  1.7"," 7","  6.0","999.9","  68.4"," ","  40.1"," "," 0.00","D","999.9","000000"
"60725099999","1995-02-12","36.4833333","8.8","144.0","JENDOUBA, TS","  56.7"," 7","  49.4"," 6","1023.6"," 7","006.2"," 7","  7.6"," 7","  5.7"," 7"," 12.0","999.9","  64.8"," ","  50.5","*"," 0.00","D","999.9","000000"
"60725099999","1995-02-13","36.4833333","8.8","144.0","JENDOUBA, TS","  55.7"," 7","  46.3"," 7","1025.2"," 7","007.8"," 7","  7.0"," 7","  1.1"," 7","  4.1","999.9","  71.6"," ","  39.2"," "," 0.00","D","999.9","000000"
"60725099999","1995-02-14","36.4833333","8.8","144.0","JENDOUBA, TS","  58.9"," 6","  46.4"," 6","1023.2"," 6","005.9"," 6","  6.9"," 6","  5.6"," 6","  9.9","999.9","  70.7"," ","  46.6"," "," 0.00","D","999.9","000000"
"60725099999","1995-02-15","36.4833333","8.8","144.0","JENDOUBA, TS","  61.1"," 7","  52.0"," 7","1023.0"," 7","005.8"," 7","  5.7"," 7","  6.5"," 7","  9.9","999.9","  65.5"," ","  56.5"," "," 0.00","C","999.9","000000"
"60725099999","1995-02-16","36.4833333","8.8","144.0","JENDOUBA, TS","  58.6"," 6","  50.3"," 6","1025.6"," 6","008.3"," 6","  6.4"," 6","  5.3"," 6","  9.9","999.9","  69.8"," ","  47.3"," "," 0.00","G","999.9","000000"
"60725099999","1995-02-17","36.4833333","8.8","144.0","JENDOUBA, TS","  57.0"," 7","  44.5"," 7","1024.2"," 7","006.8"," 7","  8.9"," 7","  5.4"," 7"," 22.0","999.9","  73.6"," ","  39.6"," "," 0.00","G","999.9","000000"
"60725099999","1995-02-18","36.4833333","8.8","144.0","JENDOUBA, TS","  59.5"," 7","  47.8"," 7","1021.5"," 7","004.2"," 7","  7.3"," 7","  5.7"," 7"," 12.0","999.9","  74.3"," ","  46.2","*"," 0.00","D","999.9","000000"
"60725099999","1995-02-19","36.4833333","8.8","144.0","JENDOUBA, TS","  55.7"," 7","  42.3"," 7","1028.4"," 7","010.9"," 7","  7.4"," 7","  6.3"," 7","  8.0","999.9","  62.6"," ","  45.3"," "," 0.00","D","999.9","000000"
"60725099999","1995-02-20","36.4833333","8.8","144.0","JENDOUBA, TS","  50.2"," 7","  39.8"," 7","1030.4"," 7","012.6"," 7","  7.9"," 7","  0.6"," 7","  1.9","999.9","  66.2"," ","  33.8"," "," 0.00","D","999.9","000000"
"60725099999","1995-02-21","36.4833333","8.8","144.0","JENDOUBA, TS","  53.0"," 7","  42.3"," 7","1025.1"," 7","007.6"," 7","  7.7"," 7","  0.9"," 7","  4.1","999.9","  72.7"," ","  33.4"," "," 0.00","D","999.9","000000"
"60725099999","1995-02-22","36.4833333","8.8","144.0","JENDOUBA, TS","  55.3"," 7","  46.5"," 7","1020.6"," 7","003.2"," 7","  7.4"," 7","  4.2"," 7","  9.9","999.9","  72.3"," ","  37.4"," "," 0.00","D","999.9","000000"
"60725099999","1995-02-23","36.4833333","8.8","144.0","JENDOUBA, TS","  56.9"," 7","  50.6"," 7","1020.3"," 7","003.0"," 7","  4.1"," 7","  4.3"," 7","  8.0","999.9","  64.0"," ","  46.6"," "," 0.00","D","999.9","000000"
"60725099999","1995-02-24","36.4833333","8.8","144.0","JENDOUBA, TS","  58.4"," 7","  42.5"," 7","1018.3"," 7","001.1"," 7","  8.0"," 7","  6.3"," 7","  9.9","999.9","  67.1"," ","  44.6"," "," 0.00","D","999.9","000000"
"60725099999","1995-02-25","36.4833333","8.8","144.0","JENDOUBA, TS","  64.2"," 8","  49.4"," 7","1013.5"," 8","996.5"," 8","  8.8"," 8","  6.5"," 8"," 15.9","999.9","  74.3"," ","  54.0"," "," 0.00","D","999.9","000000"
"60725099999","1995-02-26","36.4833333","8.8","144.0","JENDOUBA, TS","  61.9"," 7","  47.8"," 7","1007.7"," 7","992.0"," 7","  9.1"," 7","  8.3"," 7"," 14.0","999.9","  76.5"," ","  49.1"," "," 0.00","D","999.9","000000"
"60725099999","1995-02-27","36.4833333","8.8","144.0","JENDOUBA, TS","  54.3"," 6","  46.6"," 6","1015.8"," 6","998.5"," 6","  5.4"," 6","  3.6"," 6","  8.0","999.9","  58.5"," ","  52.2"," "," 0.01","G","999.9","000000"
"60725099999","1995-02-28","36.4833333","8.8","144.0","JENDOUBA, TS","  54.4"," 7","  49.2"," 7","1019.6"," 7","002.3"," 7","  3.9"," 7","  5.1"," 7","  9.9","999.9","  65.5"," ","  41.0"," "," 0.00","G","999.9","000000"
"60725099999","1995-03-01","36.4833333","8.8","144.0","JENDOUBA, TS","  56.0"," 7","  53.4"," 6","1010.3"," 7","993.2"," 7","  2.6"," 7","  3.1"," 7","  9.9","999.9","  65.1"," ","  39.9"," "," 0.00","D","999.9","100010"
"60725099999","1995-03-02","36.4833333","8.8","144.0","JENDOUBA, TS","  53.4"," 6","  41.8"," 6","1011.8"," 6","994.6"," 6","  4.0"," 6","  8.3"," 6"," 15.9","999.9","  61.9","*","  47.3","*"," 0.00","D","999.9","010000"
"60725099999","1995-03-03","36.4833333","8.8","144.0","JENDOUBA, TS","  58.3"," 7","  46.1"," 6","1017.4"," 7","000.2"," 7","  7.2"," 7","  6.8"," 7"," 12.0","999.9","  66.4"," ","  47.3"," "," 0.31","G","999.9","000000"
"60725099999","1995-03-04","36.4833333","8.8","144.0","JENDOUBA, TS","  47.3"," 7","  40.6"," 7","1014.4"," 7","997.0"," 7","  8.2"," 7","  8.4"," 7"," 16.9","999.9","  53.8"," ","  39.0"," "," 0.00","G","999.9","010000"
"60725099999","1995-03-05","36.4833333","8.8","144.0","JENDOUBA, TS","  49.8"," 7","  45.0"," 7","1014.2"," 7","996.9"," 7","  7.1"," 7","  9.8"," 7"," 16.9","999.9","  57.6"," ","  38.1"," "," 0.43","G","999.9","010000"
"60725099999","1995-03-06","36.4833333","8.8","144.0","JENDOUBA, TS","  55.3"," 6","  52.1"," 5","1012.4"," 6","995.2"," 6","  5.6"," 6","  7.3"," 6","  9.9","999.9","  60.8","*","  49.6"," "," 0.04","G","999.9","010000"
"60725099999","1995-03-07","36.4833333","8.8","144.0","JENDOUBA, TS","  50.6"," 7","  45.9"," 7","1019.3"," 7","001.8"," 7","  7.1"," 7","  3.7"," 7","  8.0","999.9","  57.9"," ","  43.7","*"," 0.08","G","999.9","010000"
"60725099999","1995-03-08","36.4833333","8.8","144.0","JENDOUBA, TS","  50.6"," 7","  45.5"," 7","1020.6"," 7","003.1"," 7","  8.6"," 7","  2.6"," 7","  6.0","999.9","  64.8"," ","  32.9"," "," 0.08","G","999.9","000000"
"60725099999","1995-03-09","36.4833333","8.8","144.0","JENDOUBA, TS","  55.1"," 7","  45.5"," 7","1020.7"," 7","003.4"," 7"," 10.1"," 7","  2.9"," 7","  4.1","999.9","  66.0"," ","  40.5"," "," 0.00","G","999.9","000000"
"60725099999","1995-03-10","36.4833333","8.8","144.0","JENDOUBA, TS","  55.7"," 6","  50.3"," 6","1016.8"," 6","999.4"," 6","  6.5"," 6","  1.0"," 6","  4.1","999.9","  71.6"," ","  37.6"," "," 0.00","D","999.9","000000"
"60725099999","1995-03-11","36.4833333","8.8","144.0","JENDOUBA, TS","  57.0"," 6","  53.0"," 6","1012.7"," 6","995.6"," 6","  5.3"," 6","  1.7"," 6","  4.1","999.9","  72.1"," ","  43.9"," "," 0.00","D","999.9","000000"
"60725099999","1995-03-12","36.4833333","8.8","144.0","JENDOUBA, TS","  56.3"," 7","  53.4"," 7","1006.6"," 7","989.5"," 7","  4.6"," 7","  8.0"," 7"," 14.0","999.9","  64.4"," ","  47.1","*"," 0.00","D","999.9","010010"
"60725099999","1995-03-13","36.4833333","8.8","144.0","JENDOUBA, TS","  56.2"," 7","  53.2"," 7","1002.5"," 7","985.6"," 7","  3.5"," 7","  2.3"," 7","  6.0","999.9","  65.8"," ","  45.7"," "," 0.67","G","999.9","010010"
"60725099999","1995-03-14","36.4833333","8.8","144.0","JENDOUBA, TS","  53.3"," 7","  48.7"," 7","1010.4"," 7","993.1"," 7","  4.8"," 7","  5.2"," 7","  8.0","999.9","  59.7"," ","  46.4"," "," 0.08","G","999.9","010000"
"60725099999","1995-03-15","36.4833333","8.8","144.0","JENDOUBA, TS","  52.9"," 6","  43.5"," 6","1013.7"," 6","996.4"," 6","  5.0"," 6","  5.3"," 6","  9.9","999.9","  64.4"," ","  30.7"," "," 0.16","G","999.9","000000"
"60725099999","1995-03-16","36.4833333","8.8","144.0","JENDOUBA, TS","  53.0"," 7","  47.5"," 7","1012.6"," 7","995.3"," 7","  3.8"," 6","  0.8"," 7","  1.9","999.9","  65.1"," ","  36.9"," "," 0.00","G","999.9","010000"
"60725099999","1995-03-17","36.4833333","8.8","144.0","JENDOUBA, TS","  54.6"," 7","  44.8"," 7","1018.6"," 7","001.3"," 7","  7.3"," 7","  4.9"," 7","  9.9","999.9","  61.5"," ","  45.5","*"," 0.02","G","999.9","000000"
"60725099999","1995-03-18","36.4833333","8.8","144.0","JENDOUBA, TS","  54.5"," 6","  39.7"," 6","1023.5"," 6","006.1"," 6","  8.9"," 6","  5.2"," 5","  8.0","999.9","  67.3"," ","  38.1"," "," 0.00","G","999.9","000000"
"60725099999","1995-03-19","36.4833333","8.8","144.0","JENDOUBA, TS","  57.8"," 7","  42.2"," 7","1022.5"," 7","005.1"," 7","  9.2"," 7","  0.9"," 7","  4.1","999.9","  77.9","*","  36.3"," "," 0.00","D","999.9","000000"
"60725099999","1995-03-20","36.4833333","8.8","144.0","JENDOUBA, TS","  56.8"," 7","  45.9"," 7","1020.5"," 7","003.1"," 7","  8.2"," 7","  3.4"," 7"," 12.0","999.9","  71.6"," ","  39.2"," "," 0.00","D","999.9","000000"
"60725099999","1995-03-21","36.4833333","8.8","144.0","JENDOUBA, TS","  56.5"," 6","  41.7"," 6","1025.0"," 6","007.6"," 6","  7.9"," 6","  9.9"," 6"," 12.0","999.9","  62.6"," ","  52.7","*"," 0.00","D","999.9","000000"
"60725099999","1995-03-22","36.4833333","8.8","144.0","JENDOUBA, TS","  52.2"," 7","  36.2"," 7","1028.6"," 7","010.9"," 7","  6.6"," 7","  5.4"," 7","  9.9","999.9","  59.0"," ","  46.8"," "," 0.00","D","999.9","000000"
"60725099999","1995-03-23","36.4833333","8.8","144.0","JENDOUBA, TS","  46.6"," 6","  31.5"," 6","1032.6"," 6","014.7"," 6","  7.4"," 6","  3.7"," 6","  8.0","999.9","  58.8"," ","  31.6"," "," 0.00","D","999.9","000000"
"60725099999","1995-03-24","36.4833333","8.8","144.0","JENDOUBA, TS","  51.5"," 7","  34.6"," 7","1029.6"," 7","012.5"," 7","  8.6"," 7","  2.0"," 7","  4.1","999.9","  67.5"," ","  32.9"," "," 0.00","D","999.9","000000"
"60725099999","1995-03-25","36.4833333","8.8","144.0","JENDOUBA, TS","  56.0"," 7","  38.1"," 7","1026.0"," 7","008.4"," 7","  8.0"," 7","  0.6"," 7","  4.1","999.9","  74.5"," ","  33.8"," "," 0.00","D","999.9","000000"
"60725099999","1995-03-26","36.4833333","8.8","144.0","JENDOUBA, TS","  58.2"," 6","  38.2"," 6","1021.9"," 6","005.8"," 6","  7.9"," 6","  6.7"," 6"," 28.0","999.9","  74.7"," ","  38.3"," "," 0.00","D","999.9","000000"
"60725099999","1995-03-27","36.4833333","8.8","144.0","JENDOUBA, TS","  58.9"," 6","  41.3"," 6","1016.9"," 6","999.7"," 6","  9.9"," 6","  2.3"," 6","  9.9","999.9","  73.8"," ","  42.8","*"," 0.00","D","999.9","000000"
"60725099999","1995-03-28","36.4833333","8.8","144.0","JENDOUBA, TS","  56.1"," 7","  41.5"," 7","1014.5"," 7","997.2"," 7","  6.1"," 7","  6.9"," 7"," 12.0","999.9","  73.8"," ","  47.8","*"," 0.00","D","999.9","000000"
"60725099999","1995-03-29","36.4833333","8.8","144.0","JENDOUBA, TS","  58.9"," 7","  41.3"," 6","1013.6"," 7","996.5"," 7","  9.1"," 7","  6.3"," 7","  9.9","999.9","  74.3","*","  36.5"," "," 0.00","D","999.9","000000"
"60725099999","1995-03-30","36.4833333","8.8","144.0","JENDOUBA, TS","  51.9"," 6","  39.7"," 6","1017.7"," 6","000.3"," 6","  5.0"," 6","  9.3"," 6"," 12.0","999.9","  58.1","*","  46.0","*"," 0.02","G","999.9","000000"
"60725099999","1995-03-31","36.4833333","8.8","144.0","JENDOUBA, TS","  48.2"," 7","  29.8"," 7","1027.1"," 7","009.4"," 7","  9.1"," 7","  4.0"," 7","  8.0","999.9","  56.8"," ","  34.7"," "," 0.02","G","999.9","000000"
"60725099999","1995-04-01","36.4833333","8.8","144.0","JENDOUBA, TS","  50.2"," 7","  35.6"," 7","1030.6"," 7","013.3"," 7","  8.3"," 7","  4.0"," 7","  8.0","999.9","  60.8"," ","  32.7"," "," 0.00","G","999.9","000000"
"60725099999","1995-04-02","36.4833333","8.8","144.0","JENDOUBA, TS","  54.6"," 7","  41.2"," 7","1028.7"," 7","011.2"," 7","  7.5"," 7","  3.0"," 6","  6.0","999.9","  70.0"," ","  36.3"," "," 0.00","D","999.9","000000"
"60725099999","1995-04-03","36.4833333","8.8","144.0","JENDOUBA, TS","  58.2"," 6","  39.8"," 6","1025.2"," 6","007.7"," 5"," 10.1"," 6","  1.7"," 6","  8.0","999.9","  76.6"," ","  36.7"," "," 0.00","D","999.9","000000"
"60725099999","1995-04-04","36.4833333","8.8","144.0","JENDOUBA, TS","  61.7"," 7","  39.7"," 7","1023.1"," 7","005.8"," 7","  8.6"," 7","  2.9"," 7","  8.0","999.9","  78.1"," ","  37.4"," "," 0.00","D","999.9","000000"
"60725099999","1995-04-05","36.4833333","8.8","144.0","JENDOUBA, TS","  61.3"," 7","  43.7"," 7","1021.0"," 7","003.9"," 7","  5.6"," 7","  3.2"," 7","  6.0","999.9","  75.2"," ","  46.8"," "," 0.00","D","999.9","000000"
"60725099999","1995-04-06","36.4833333","8.8","144.0","JENDOUBA, TS","  59.7"," 7","  48.7"," 7","1019.5"," 7","002.3"," 7","  5.8"," 7","  2.3"," 7","  6.0","999.9","  73.4"," ","  43.7"," "," 0.00","D","999.9","000000"
"60725099999","1995-04-07","36.4833333","8.8","144.0","JENDOUBA, TS","  59.2"," 7","  48.7"," 7","1019.1"," 7","001.9"," 7","  5.5"," 7","  6.3"," 7"," 12.0","999.9","  68.5"," ","  53.6","*"," 0.00","D","999.9","000000"
"60725099999","1995-04-08","36.4833333","8.8","144.0","JENDOUBA, TS","  58.7"," 7","  47.7"," 7","1015.7"," 7","998.6"," 7","  5.7"," 7","  4.8"," 7","  9.9","999.9","  68.9"," ","  43.2"," "," 0.00","D","999.9","000000"
"60725099999","1995-04-09","36.4833333","8.8","144.0","JENDOUBA, TS","  61.3"," 6","  43.9"," 6","1012.7"," 6","995.7"," 6","  6.7"," 6","  7.6"," 6"," 14.0","999.9","  72.5"," ","  44.1"," "," 0.00","D","999.9","000000"
"60725099999","1995-04-10","36.4833333","8.8","144.0","JENDOUBA, TS","  62.9"," 6","  46.5"," 6","1017.6"," 6","999.7"," 6","  7.5"," 6","  2.0"," 6","  4.1","999.9","  77.0"," ","  43.7"," "," 0.00","D","999.9","000000"
"60725099999","1995-04-11","36.4833333","8.8","144.0","JENDOUBA, TS","  58.2"," 7","  48.0"," 7","1015.4"," 7","998.2"," 7","  6.8"," 7","  3.3"," 6","  9.9","999.9","  70.7"," ","  38.7"," "," 0.00","D","999.9","000000"
"60725099999","1995-04-12","36.4833333","8.8","144.0","JENDOUBA, TS","  58.2"," 7","  47.5"," 7","1017.9"," 7","000.7"," 7","  7.2"," 7","  1.1"," 7","  6.0","999.9","  70.9"," ","  44.2"," "," 0.00","D","999.9","000000"
"60725099999","1995-04-13","36.4833333","8.8","144.0","JENDOUBA, TS","  59.3"," 7","  46.0"," 7","1015.7"," 7","998.6"," 7","  6.6"," 6","  1.7"," 7","  8.0","999.9","  72.9"," ","  41.5"," "," 0.00","D","999.9","000000"
"60725099999","1995-04-14","36.4833333","8.8","144.0","JENDOUBA, TS","  59.1"," 6","  49.2"," 6","1015.2"," 6","998.1"," 6","  5.4"," 6","  2.3"," 6","  8.0","999.9","  71.6"," ","  49.3"," "," 0.02","G","999.9","010000"
"60725099999","1995-04-15","36.4833333","8.8","144.0","JENDOUBA, TS","  54.7"," 7","  43.5"," 7","1015.0"," 7","997.7"," 6","  8.3"," 7","  5.1"," 7","  9.9","999.9","  60.4"," ","  44.6","*"," 0.00","G","999.9","010000"
"60725099999","1995-04-16","36.4833333","8.8","144.0","JENDOUBA, TS","  53.5"," 7","  40.7"," 7","1014.2"," 7","996.8"," 7","  7.8"," 7","  5.7"," 7","  9.9","999.9","  63.7"," ","  39.2","*"," 0.01","G","999.9","000000"
"60725099999","1995-04-17","36.4833333","8.8","144.0","JENDOUBA, TS","  55.6"," 6","  44.7"," 6","1016.5"," 6","999.3"," 6","  6.2"," 6"," 10.0"," 6"," 15.9","999.9","  62.6"," ","  49.1","*"," 0.00","G","999.9","000000"
"60725099999","1995-04-18","36.4833333","8.8","144.0","JENDOUBA, TS","  61.8"," 6","  43.8"," 6","1016.1"," 6","999.1"," 6"," 10.1"," 6","  4.0"," 6","  6.0","999.9","  74.5"," ","  42.8"," "," 0.01","G","999.9","000000"
"60725099999","1995-04-19","36.4833333","8.8","144.0","JENDOUBA, TS","  66.5"," 7","  43.8"," 7","1009.4"," 7","992.5"," 7","  9.9"," 7","  1.7"," 7","  4.1","999.9","  84.4"," ","  39.4"," "," 0.00","G","999.9","000000"
"60725099999","1995-04-20","36.4833333","8.8","144.0","JENDOUBA, TS","  70.6"," 7","  47.9"," 7","1007.4"," 7","990.8"," 7","  9.2"," 7","  3.1"," 7","  9.9","999.9","  86.7"," ","  48.6"," "," 0.00","D","999.9","000000"
"60725099999","1995-04-21","36.4833333","8.8","144.0","JENDOUBA, TS","  65.2"," 7","  52.4"," 7","1008.3"," 7","991.4"," 7","  5.7"," 7","  4.9"," 7"," 12.0","999.9","  83.8"," ","  43.0"," "," 0.00","C","999.9","000010"
"60725099999","1995-04-22","36.4833333","8.8","144.0","JENDOUBA, TS","  62.6"," 7","  54.0"," 7","1012.5"," 7","995.5"," 7","  5.9"," 7","  6.6"," 7"," 12.0","999.9","  71.4"," ","  56.8"," "," 0.16","G","999.9","000000"
"60725099999","1995-04-23","36.4833333","8.8","144.0","JENDOUBA, TS","  57.6"," 7","  51.2"," 4","1013.0"," 7","995.9"," 7","  8.5"," 7","  8.9"," 7"," 12.0","999.9","  64.6"," ","  53.6","*"," 0.00","G","999.9","000000"
"60725099999","1995-04-24","36.4833333","8.8","144.0","JENDOUBA, TS","  55.3"," 4","  46.5"," 4","1011.6"," 4","994.4"," 4","  9.5"," 4","  4.5"," 4","  9.9","999.9","  69.3"," ","  51.6"," "," 0.04","G","999.9","000000"
"60725099999","1995-04-25","36.4833333","8.8","144.0","JENDOUBA, TS","  58.3"," 7","  38.1"," 7","1010.9"," 5","993.3"," 7","  9.2"," 7"," 10.4"," 7"," 16.9","999.9","  68.4"," ","  39.6"," "," 0.02","G","999.9","000000"
"60725099999","1995-04-26","36.4833333","8.8","144.0","JENDOUBA, TS","  61.2"," 7","  35.7"," 7","1011.9"," 7","995.0"," 7","  9.9"," 7","  6.3"," 7","  9.9","999.9","  76.1"," ","  42.4"," "," 0.00","G","999.9","000000"
"60725099999","1995-04-27","36.4833333","8.8","144.0","JENDOUBA, TS","  61.1"," 7","  47.3"," 7","1012.2"," 7","995.1"," 7"," 11.8"," 7","  3.7"," 7","  8.0","999.9","  72.3"," ","  49.5"," "," 0.24","G","999.9","000000"
"60725099999","1995-04-28","36.4833333","8.8","144.0","JENDOUBA, TS","  59.3"," 6","  50.9"," 6","1010.9"," 6","993.9"," 6","  5.4"," 6","  2.0"," 6","  6.0","999.9","  70.9"," ","  46.4"," "," 0.00","G","999.9","000000"
"60725099999","1995-04-29","36.4833333","8.8","144.0","JENDOUBA, TS","  58.7"," 7","  52.3"," 7","1018.9"," 7","001.8"," 7","  6.5"," 7","  1.4"," 7","  6.0","999.9","  62.6"," ","  53.8"," "," 0.20","G","999.9","010000"
"60725099999","1995-04-30","36.4833333","8.8","144.0","JENDOUBA, TS","  59.4"," 7","  51.6"," 7","1021.9"," 7","004.6"," 7","  6.1"," 7","  3.7"," 7","  9.9","999.9","  68.5"," ","  47.3"," "," 0.04","G","999.9","000000"
"60725099999","1995-05-01","36.4833333","8.8","144.0","JENDOUBA, TS","  60.5"," 7","  44.8"," 7","1019.4"," 7","002.2"," 7","  9.7"," 7","  3.4"," 7","  8.0","999.9","  72.1"," ","  42.8"," "," 0.00","G","999.9","000000"
"60725099999","1995-05-02","36.4833333","8.8","144.0","JENDOUBA, TS","  61.6"," 7","  46.4"," 7","1020.6"," 7","003.1"," 7"," 10.0"," 7","  3.7"," 7","  8.0","999.9","  73.4"," ","  43.5"," "," 0.00","D","999.9","000000"
"60725099999","1995-05-03","36.4833333","8.8","144.0","JENDOUBA, TS","  64.5"," 7","  49.1"," 7","1023.0"," 7","005.8"," 7","  8.5"," 7","  4.0"," 7","  9.9","999.9","  78.8"," ","  43.7"," "," 0.00","D","999.9","000000"
"60725099999","1995-05-04","36.4833333","8.8","144.0","JENDOUBA, TS","  64.3"," 7","  43.5"," 7","1022.9"," 7","005.8"," 7","  7.9"," 7","  2.9"," 7","  6.0","999.9","  79.2"," ","  42.4"," "," 0.00","D","999.9","000000"
"60725099999","1995-05-05","36.4833333","8.8","144.0","JENDOUBA, TS","  64.0"," 7","  41.0"," 7","1021.8"," 7","004.6"," 7","  7.5"," 7","  2.6"," 7","  6.0","999.9","  80.6"," ","  41.4"," "," 0.00","D","999.9","000000"
"60725099999","1995-05-06","36.4833333","8.8","144.0","JENDOUBA, TS","  69.1"," 7","  41.5"," 7","1019.5"," 7","002.5"," 7","  8.5"," 7","  3.2"," 7","  8.0","999.9","  85.3"," ","  42.4"," "," 0.00","D","999.9","000000"
"60725099999","1995-05-07","36.4833333","8.8","144.0","JENDOUBA, TS","  74.1"," 7","  46.0"," 7","1019.3"," 7","002.5"," 7"," 10.9"," 7","  2.6"," 7","  6.0","999.9","  89.2"," ","  46.4"," "," 0.00","D","999.9","000000"
"60725099999","1995-05-08","36.4833333","8.8","144.0","JENDOUBA, TS","  77.7"," 7","  50.2"," 7","1018.7"," 7","002.1"," 7"," 11.4"," 7","  1.7"," 7","  4.1","999.9","  93.2"," ","  52.9"," "," 0.00","D","999.9","000000"
"60725099999","1995-05-09","36.4833333","8.8","144.0","JENDOUBA, TS","  78.9"," 7","  53.6"," 7","1015.5"," 7","999.0"," 7"," 11.1"," 7","  2.8"," 7","  9.9","999.9","  97.2"," ","  57.0"," "," 0.00","I","999.9","100000"
"60725099999","1995-05-10","36.4833333","8.8","144.0","JENDOUBA, TS","  77.2"," 6","  50.8"," 6","1010.8"," 6","994.0"," 6","  7.2"," 6","  4.3"," 6","  9.9","999.9","  95.2"," ","  56.3"," "," 0.00","D","999.9","000000"
"60725099999","1995-05-11","36.4833333","8.8","144.0","JENDOUBA, TS","  73.9"," 7","  56.4"," 7","1006.6"," 7","990.1"," 7","  6.6"," 6","  5.1"," 7","  8.0","999.9","  79.7"," ","  49.6"," "," 0.00","D","999.9","000000"
"60725099999","1995-05-12","36.4833333","8.8","144.0","JENDOUBA, TS","  65.4"," 7","  56.4"," 7","1004.3"," 7","987.4"," 7","  5.3"," 7","  4.6"," 7"," 12.0","999.9","  73.4"," ","  54.9"," "," 0.00","D","999.9","000000"
"60725099999","1995-05-13","36.4833333","8.8","144.0","JENDOUBA, TS","  65.3"," 7","  49.9"," 7","1013.0"," 7","996.1"," 7","  8.7"," 7"," 11.7"," 7"," 15.9","999.9","  76.3"," ","  51.8"," "," 0.00","D","999.9","000000"
"60725099999","1995-05-14","36.4833333","8.8","144.0","JENDOUBA, TS","  64.8"," 7","  47.6"," 7","1019.0"," 7","002.0"," 7"," 11.5"," 7","  5.7"," 7","  9.9","999.9","  76.8"," ","  44.6"," "," 0.00","D","999.9","000000"
"60725099999","1995-05-15","36.4833333","8.8","144.0","JENDOUBA, TS","  68.5"," 7","  47.0"," 7","1018.6"," 7","001.7"," 7"," 10.6"," 7","  3.4"," 7"," 12.0","999.9","  86.0"," ","  42.8"," "," 0.00","D","999.9","000000"
"60725099999","1995-05-16","36.4833333","8.8","144.0","JENDOUBA, TS","  75.8"," 7","  50.0"," 7","1013.8"," 7","997.2"," 7","  8.1"," 7","  3.1"," 7","  9.9","999.9","  96.4"," ","  50.4"," "," 0.00","D","999.9","000000"
"60725099999","1995-05-17","36.4833333","8.8","144.0","JENDOUBA, TS","  74.5"," 6","  50.8"," 6","1014.4"," 6","997.8"," 6","  7.9"," 6","  7.0"," 6"," 14.0","999.9","  84.4"," ","  59.4"," "," 0.00","D","999.9","000000"
"60725099999","1995-05-18","36.4833333","8.8","144.0","JENDOUBA, TS","  73.6"," 6","  55.9"," 6","1015.4"," 6","998.5"," 6","  8.1"," 6","  2.4"," 6","  6.0","999.9","  86.9"," ","  57.2"," "," 0.00","D","999.9","000000"
"60725099999","1995-05-19","36.4833333","8.8","144.0","JENDOUBA, TS","  79.1"," 8","  51.6"," 7","1011.5"," 8","995.0"," 8"," 12.0"," 8","  5.2"," 8"," 12.0","999.9","  95.0"," ","  55.4"," "," 0.00","D","999.9","000000"
"60725099999","1995-05-20","36.4833333","8.8","144.0","JENDOUBA, TS","  66.7"," 7","  51.3"," 7","1017.7"," 7","000.7"," 7"," 10.0"," 7","  6.9"," 7","  9.9","999.9","  74.7"," ","  61.5","*"," 0.00","D","999.9","000000"
"60725099999","1995-05-21","36.4833333","8.8","144.0","JENDOUBA, TS","  64.8"," 7","  46.8"," 7","1019.2"," 7","002.2"," 7","  8.9"," 7"," 10.5"," 7"," 14.0","999.9","  72.7"," ","  56.3"," "," 0.00","D","999.9","000000"
"60725099999","1995-05-22","36.4833333","8.8","144.0","JENDOUBA, TS","  68.5"," 6","  44.9"," 6","1018.9"," 6","002.0"," 6"," 11.2"," 6","  3.9"," 6","  9.9","999.9","  79.5"," ","  57.9","*"," 0.00","D","999.9","000000"
"60725099999","1995-05-23","36.4833333","8.8","144.0","JENDOUBA, TS","  72.1"," 6","  49.8"," 6","1015.1"," 6","998.4"," 6","  8.8"," 6","  1.3"," 6","  6.0","999.9","  91.4"," ","  50.4"," "," 0.00","D","999.9","000000"
"60725099999","1995-05-24","36.4833333","8.8","144.0","JENDOUBA, TS","  84.3"," 7","  49.9"," 7","1010.7"," 7","994.4"," 7","  7.1"," 7","  2.0"," 7","  6.0","999.9","  99.7"," ","  59.9"," "," 0.00","D","999.9","000000"
"60725099999","1995-05-25","36.4833333","8.8","144.0","JENDOUBA, TS","  81.7"," 7","  59.6"," 7","1011.5"," 7","995.1"," 7","  8.3"," 7","  5.1"," 7"," 12.0","999.9"," 102.6"," ","  67.3"," "," 0.00","D","999.9","000000"
"60725099999","1995-05-26","36.4833333","8.8","144.0","JENDOUBA, TS","  73.9"," 7","  63.8"," 7","1015.5"," 7","998.8"," 7","  6.9"," 7","  7.4"," 7"," 14.0","999.9","  85.8"," ","  65.8"," "," 0.00","G","999.9","000000"
"60725099999","1995-05-27","36.4833333","8.8","144.0","JENDOUBA, TS","  72.8"," 7","  62.6"," 7","1019.7"," 7","002.9"," 7","  5.8"," 7","  3.7"," 7","  9.9","999.9","  84.2","*","  61.7"," "," 0.00","D","999.9","000000"
"60725099999","1995-05-28","36.4833333","8.8","144.0","JENDOUBA, TS","  75.4"," 7","  59.7"," 7","1020.2"," 7","003.5"," 7"," 10.5"," 7","  3.7"," 7"," 12.0","999.9","  89.8"," ","  58.6"," "," 0.00","D","999.9","000000"
"60725099999","1995-05-29","36.4833333","8.8","144.0","JENDOUBA, TS","  77.8"," 7","  54.9"," 7","1017.7"," 7","001.1"," 7"," 11.7"," 7","  2.6"," 7","  8.0","999.9","  93.9"," ","  54.9"," "," 0.00","D","999.9","000000"
"60725099999","1995-05-30","36.4833333","8.8","144.0","JENDOUBA, TS","  78.6"," 8","  59.1"," 8","1012.3"," 7","995.7"," 7","  8.3"," 8","  6.1"," 8"," 16.9","999.9","  99.0"," ","  54.5"," "," 0.00","C","999.9","000010"
"60725099999","1995-05-31","36.4833333","8.8","144.0","JENDOUBA, TS","  68.3"," 7","  57.7"," 7","1014.5"," 7","997.6"," 7","  9.6"," 7","  8.0"," 7"," 15.9","999.9","  74.5"," ","  62.6","*"," 0.16","G","999.9","000000"
"60725099999","1995-06-01","36.4833333","8.8","144.0","JENDOUBA, TS","  66.3"," 7","  52.8"," 7","1017.1"," 7","000.1"," 7","  9.1"," 7","  7.7"," 7"," 14.0","999.9","  76.3"," ","  52.2"," "," 0.00","G","999.9","000000"
"60725099999","1995-06-02","36.4833333","8.8","144.0","JENDOUBA, TS","  71.3"," 7","  52.6"," 7","1017.4"," 7","000.6"," 7"," 10.0"," 7","  5.4"," 7"," 12.0","999.9","  86.9"," ","  50.0"," "," 0.00","D","999.9","000000"
"60725099999","1995-06-03","36.4833333","8.8","144.0","JENDOUBA, TS","  76.6"," 7","  56.9"," 7","1015.6"," 7","999.1"," 7","  7.8"," 7","  2.6"," 7","  9.9","999.9","  92.8"," ","  51.1"," "," 0.00","D","999.9","000000"
"60725099999","1995-06-04","36.4833333","8.8","144.0","JENDOUBA, TS","  79.4"," 7","  59.0"," 7","1015.6"," 7","998.8"," 7"," 11.4"," 7","  2.0"," 7"," 12.0","999.9","  92.3"," ","  57.6"," "," 0.00","D","999.9","000000"
"60725099999","1995-06-05","36.4833333","8.8","144.0","JENDOUBA, TS","  79.6"," 7","  55.4"," 7","1015.1"," 7","998.6"," 7","  9.1"," 7","  2.9"," 7","  6.0","999.9","  95.9"," ","  58.8"," "," 0.00","D","999.9","000000"
"60725099999","1995-06-06","36.4833333","8.8","144.0","JENDOUBA, TS","  80.1"," 7","  57.3"," 7","1014.7"," 7","998.2"," 7","  9.6"," 7","  2.9"," 7"," 12.0","999.9","  94.5"," ","  65.5"," "," 0.00","D","999.9","000000"
"60725099999","1995-06-07","36.4833333","8.8","144.0","JENDOUBA, TS","  83.8"," 8","  60.6"," 8","1014.4"," 7","998.1"," 7","  8.5"," 8","  6.8"," 8"," 12.0","999.9","  95.9"," ","  66.2"," "," 0.04","G","999.9","000000"
"60725099999","1995-06-08","36.4833333","8.8","144.0","JENDOUBA, TS","  80.1"," 7","  63.3"," 7","1012.8"," 7","996.4"," 7","  7.2"," 7","  2.0"," 7","  8.0","999.9","  95.9"," ","  69.8"," "," 0.00","G","999.9","000010"
"60725099999","1995-06-09","36.4833333","8.8","144.0","JENDOUBA, TS","  73.0"," 7","  65.7"," 7","1014.3"," 7","997.4"," 7","  8.2"," 7","  4.8"," 7"," 14.0","999.9","  85.3"," ","  63.5"," "," 0.43","G","999.9","010010"
"60725099999","1995-06-10","36.4833333","8.8","144.0","JENDOUBA, TS","  73.9"," 7","  64.9"," 7","1013.9"," 7","997.2"," 7","  8.3"," 7","  2.3"," 7","  8.0","999.9","  83.3"," ","  62.8"," "," 0.71","G","999.9","000000"
"60725099999","1995-06-11","36.4833333","8.8","144.0","JENDOUBA, TS","  72.5"," 7","  67.0"," 7","1011.2"," 7","994.6"," 7","  5.1"," 7","  0.6"," 7","  4.1","999.9","  80.6"," ","  63.5"," "," 0.16","G","999.9","010010"
"60725099999","1995-06-12","36.4833333","8.8","144.0","JENDOUBA, TS","  69.4"," 7","  65.2"," 7","1010.8"," 7","994.0"," 7","  5.3"," 7","  0.3"," 7","  1.9","999.9","  75.7"," ","  61.3"," "," 0.04","G","999.9","010000"
"60725099999","1995-06-13","36.4833333","8.8","144.0","JENDOUBA, TS","  73.5"," 7","  61.4"," 7","1014.7"," 7","998.0"," 7","  9.4"," 7","  4.0"," 7","  8.0","999.9","  81.5"," ","  62.2"," "," 0.20","G","999.9","010000"
"60725099999","1995-06-14","36.4833333","8.8","144.0","JENDOUBA, TS","  78.5"," 7","  62.0"," 7","1014.8"," 7","998.3"," 7","  7.4"," 7","  3.7"," 7"," 14.0","999.9","  94.1"," ","  59.7"," "," 0.00","G","999.9","000000"
"60725099999","1995-06-15","36.4833333","8.8","144.0","JENDOUBA, TS","  76.3"," 7","  63.6"," 7","1014.6"," 7","998.0"," 7","  6.8"," 7","  3.4"," 7","  8.0","999.9","  91.8"," ","  65.8"," "," 0.00","D","999.9","010000"
"60725099999","1995-06-16","36.4833333","8.8","144.0","JENDOUBA, TS","  78.1"," 7","  62.3"," 7","1016.3"," 7","999.7"," 7","  8.3"," 7","  4.9"," 7"," 12.0","999.9","  92.5"," ","  66.9"," "," 0.04","G","999.9","000010"
"60725099999","1995-06-17","36.4833333","8.8","144.0","JENDOUBA, TS","  71.9"," 7","  64.5"," 7","1017.7"," 7","000.9"," 7","  8.1"," 7","  4.3"," 7","  6.0","999.9","  80.6"," ","  64.2"," "," 0.12","G","999.9","010000"
"60725099999","1995-06-18","36.4833333","8.8","144.0","JENDOUBA, TS","  72.1"," 7","  56.8"," 7","1019.4"," 7","002.6"," 7"," 10.3"," 7","  4.3"," 7","  8.0","999.9","  83.1"," ","  59.9"," "," 0.04","G","999.9","000000"
"60725099999","1995-06-19","36.4833333","8.8","144.0","JENDOUBA, TS","  77.5"," 7","  57.7"," 7","1019.2"," 7","002.6"," 7"," 11.1"," 7","  3.4"," 7","  8.0","999.9","  89.6"," ","  58.1"," "," 0.00","G","999.9","000000"
"60725099999","1995-06-20","36.4833333","8.8","144.0","JENDOUBA, TS","  82.7"," 7","  60.5"," 7","1018.2"," 7","001.8"," 7","  9.1"," 7","  3.4"," 7"," 14.0","999.9"," 100.0"," ","  59.0"," "," 0.00","D","999.9","000000"
"60725099999","1995-06-21","36.4833333","8.8","144.0","JENDOUBA, TS","  84.3"," 6","  62.9"," 6","1018.9"," 6","002.4"," 6","  7.8"," 6","  3.6"," 6","  9.9","999.9","  99.1"," ","  69.8"," "," 0.00","D","999.9","000010"
"60725099999","1995-06-22","36.4833333","8.8","144.0","JENDOUBA, TS","  81.0"," 7","  64.0"," 7","1015.8"," 7","999.3"," 7","  7.5"," 7","  5.2"," 7"," 12.0","999.9","  91.2"," ","  69.1"," "," 0.02","G","999.9","000010"
"60725099999","1995-06-23","36.4833333","8.8","144.0","JENDOUBA, TS","  79.4"," 7","  65.0"," 7","1009.9"," 7","993.5"," 7","  6.7"," 7","  4.3"," 7"," 14.0","999.9","  89.2"," ","  66.2"," "," 0.04","G","999.9","000000"
"60725099999","1995-06-24","36.4833333","8.8","144.0","JENDOUBA, TS","  76.7"," 7","  64.7"," 7","1009.1"," 7","992.6"," 7","  5.0"," 7","  2.6"," 7","  6.0","999.9","  93.6"," ","  63.5"," "," 0.00","G","999.9","000010"
"60725099999","1995-06-25","36.4833333","8.8","144.0","JENDOUBA, TS","  81.7"," 6","  65.8"," 6","1009.2"," 6","992.8"," 6","  6.5"," 6","  7.3"," 6"," 15.9","999.9","  98.4"," ","  64.4"," "," 0.00","G","999.9","000000"
"60725099999","1995-06-26","36.4833333","8.8","144.0","JENDOUBA, TS","  87.8"," 6","  57.5"," 6","1007.2"," 6","991.1"," 6","  4.6"," 6","  4.0"," 6"," 15.9","999.9"," 115.5"," ","  64.4"," "," 0.00","G","999.9","000000"
"60725099999","1995-06-27","36.4833333","8.8","144.0","JENDOUBA, TS","  77.7"," 6","  58.7"," 6","1011.5"," 6","995.0"," 6","  5.5"," 6","  9.3"," 6"," 14.0","999.9","  86.0","*","  71.6"," "," 0.00","D","999.9","000000"
"60725099999","1995-06-28","36.4833333","8.8","144.0","JENDOUBA, TS","  78.2"," 7","  57.0"," 7","1013.1"," 7","996.6"," 7"," 10.7"," 7","  5.1"," 7"," 14.0","999.9","  90.5"," ","  63.0"," "," 0.00","D","999.9","000000"
"60725099999","1995-06-29","36.4833333","8.8","144.0","JENDOUBA, TS","  78.2"," 7","  61.0"," 7","1012.9"," 7","996.4"," 7","  7.5"," 7","  4.8"," 7","  9.9","999.9","  87.8"," ","  70.0"," "," 0.00","D","999.9","000000"
"60725099999","1995-06-30","36.4833333","8.8","144.0","JENDOUBA, TS","  81.2"," 7","  57.8"," 7","1015.1"," 7","998.5"," 7"," 10.5"," 7","  2.0"," 7","  6.0","999.9","  96.1"," ","  60.8"," "," 0.00","D","999.9","000000"
"60725099999","1995-07-01","36.4833333","8.8","144.0","JENDOUBA, TS","  86.2"," 6","  55.9"," 6","1015.1"," 6","998.8"," 6","  9.5"," 6","  5.7"," 6"," 14.0","999.9"," 101.3"," ","  57.6"," "," 0.00","D","999.9","000000"
"60725099999","1995-07-02","36.4833333","8.8","144.0","JENDOUBA, TS","  86.2"," 7","  59.7"," 7","1011.6"," 7","995.3"," 7","  6.9"," 7","  2.9"," 7","  8.0","999.9"," 108.7"," ","  67.8"," "," 0.00","D","999.9","000000"
"60725099999","1995-07-03","36.4833333","8.8","144.0","JENDOUBA, TS","  81.6"," 7","  56.7"," 7","1010.4"," 7","994.1"," 7","  6.2"," 7","  7.4"," 7"," 14.0","999.9","  92.3"," ","  71.6"," "," 0.04","G","999.9","000000"
"60725099999","1995-07-04","36.4833333","8.8","144.0","JENDOUBA, TS","  82.8"," 7","  56.5"," 7","1013.7"," 7","997.3"," 7"," 10.4"," 7","  5.4"," 7"," 15.9","999.9","  96.1"," ","  67.6"," "," 0.00","G","999.9","000000"
"60725099999","1995-07-05","36.4833333","8.8","144.0","JENDOUBA, TS","  79.6"," 7","  57.5"," 7","1016.4"," 7","999.9"," 7","  6.9"," 7","  4.2"," 7","  9.9"," 11.1","  91.8"," ","  63.5"," "," 0.00","D","999.9","000000"
"60725099999","1995-07-06","36.4833333","8.8","144.0","JENDOUBA, TS","  76.3"," 8","  60.9"," 8","1017.9"," 8","001.3"," 8","  9.9"," 8","  7.7"," 8","  9.9","999.9","  85.3"," ","  68.7"," "," 0.00","D","999.9","000000"
"60725099999","1995-07-07","36.4833333","8.8","144.0","JENDOUBA, TS","  79.9"," 7","  56.6"," 7","1016.2"," 7","999.7"," 7","  9.5"," 7","  3.7"," 7","  9.9","999.9","  94.3"," ","  59.5"," "," 0.00","D","999.9","000000"
"60725099999","1995-07-08","36.4833333","8.8","144.0","JENDOUBA, TS","  81.9"," 5","  62.7"," 5","1027.6"," 5","999.8"," 5","  4.5"," 5","  5.6"," 5","  9.9","999.9","  92.3","*","  66.2"," "," 0.00","C","999.9","000000"
"60725099999","1995-07-09","36.4833333","8.8","144.0","JENDOUBA, TS"," 101.0"," 4","  59.0"," 4","1009.6"," 4","993.8"," 4","  7.6"," 4","  9.0"," 4"," 12.0","999.9"," 112.1"," ","  88.2","*"," 0.00","C","999.9","000000"
"60725099999","1995-07-10","36.4833333","8.8","144.0","JENDOUBA, TS","  84.4"," 8","  67.1"," 8","1011.6"," 8","995.3"," 8","  6.0"," 7","  5.2"," 8","  9.9","999.9","  93.6"," ","  70.2"," "," 0.00","D","999.9","000000"
"60725099999","1995-07-11","36.4833333","8.8","144.0","JENDOUBA, TS","  80.2"," 7","  64.5"," 7","1011.2"," 7","994.8"," 7","  6.1"," 7","  5.7"," 7"," 12.0","999.9","  92.1"," ","  70.7"," "," 0.00","D","999.9","000000"
"60725099999","1995-07-12","36.4833333","8.8","144.0","JENDOUBA, TS","  80.2"," 7","  62.5"," 7","1013.0"," 7","996.5"," 7","  6.7"," 7","  6.9"," 7","  9.9","999.9","  89.4"," ","  65.1"," "," 0.02","G","999.9","000010"
"60725099999","1995-07-13","36.4833333","8.8","144.0","JENDOUBA, TS","  84.5"," 7","  58.8"," 7","1014.0"," 7","997.7"," 7","  7.1"," 7","  3.4"," 7","  9.9","999.9","  99.0"," ","  61.5"," "," 0.00","G","999.9","000000"
"60725099999","1995-07-14","36.4833333","8.8","144.0","JENDOUBA, TS","  86.1"," 7","  60.3"," 7","1015.0"," 7","998.7"," 7","  7.6"," 7","  4.6"," 7","  9.9","999.9","  99.3"," ","  67.5"," "," 0.00","D","999.9","000010"
"60725099999","1995-07-15","36.4833333","8.8","144.0","JENDOUBA, TS","  84.5"," 7","  61.3"," 7","1015.4"," 7","999.0"," 7","  8.5"," 7","  5.1"," 7","  9.9","999.9","  96.3"," ","  69.8"," "," 0.00","D","999.9","000000"
"60725099999","1995-07-16","36.4833333","8.8","144.0","JENDOUBA, TS","  85.4"," 6","  60.6"," 6","1015.3"," 6","998.8"," 6"," 12.4"," 6","  5.3"," 6","  9.9","999.9","  95.0"," ","  72.5","*"," 0.00","D","999.9","000000"
"60725099999","1995-07-17","36.4833333","8.8","144.0","JENDOUBA, TS","  86.0"," 7","  56.1"," 7","1013.9"," 7","997.5"," 7"," 12.7"," 7","  2.0"," 7"," 12.0","999.9"," 101.5"," ","  61.7"," "," 0.00","D","999.9","000000"
"60725099999","1995-07-18","36.4833333","8.8","144.0","JENDOUBA, TS","  82.4"," 6","  57.3"," 6","1015.6"," 6","999.1"," 6","  9.3"," 6","  4.0"," 6","  8.0","999.9"," 100.4"," ","  66.0"," "," 0.00","D","999.9","000000"
"60725099999","1995-07-19","36.4833333","8.8","144.0","JENDOUBA, TS","  83.0"," 7","  59.0"," 6","1018.3"," 7","001.9"," 7"," 10.4"," 7","  6.6"," 7","  9.9","999.9","  94.1"," ","  67.1"," "," 0.00","D","999.9","000000"
"60725099999","1995-07-20","36.4833333","8.8","144.0","JENDOUBA, TS","  84.5"," 7","  63.6"," 7","1018.2"," 7","001.8"," 7","  9.6"," 7","  5.4"," 7"," 14.0","999.9","  96.4","*","  64.8"," "," 0.00","D","999.9","000000"
"60725099999","1995-07-21","36.4833333","8.8","144.0","JENDOUBA, TS","  84.9"," 7","  60.3"," 7","1016.7"," 7","000.3"," 7"," 10.7"," 7","  5.1"," 7"," 14.0","999.9","  97.0"," ","  65.5"," "," 0.00","D","999.9","000000"
"60725099999","1995-07-22","36.4833333","8.8","144.0","JENDOUBA, TS","  90.1"," 5","  57.6"," 5","1013.9"," 5","997.7"," 5"," 11.6"," 5","  3.1"," 5","  9.9","999.9"," 100.6"," ","  76.1","*"," 0.00","D","999.9","000000"
"60725099999","1995-07-23","36.4833333","8.8","144.0","JENDOUBA, TS","  86.3"," 7","  61.9"," 7","1014.3"," 7","998.0"," 7"," 10.7"," 7","  6.3"," 7"," 12.0","999.9","  95.9"," ","  62.6"," "," 0.00","D","999.9","000000"
"60725099999","1995-07-24","36.4833333","8.8","144.0","JENDOUBA, TS","  83.7"," 7","  59.3"," 7","1015.1"," 7","998.7"," 7"," 13.6"," 7","  6.5"," 7","  9.9","999.9","  94.6"," ","  68.9"," "," 0.00","D","999.9","000000"
"60725099999","1995-07-26","36.4833333","8.8","144.0","JENDOUBA, TS","  96.5"," 5","  55.6"," 5","1012.9"," 5","997.7"," 5","  7.7"," 5","  4.4"," 5","  9.9","999.9"," 105.8"," ","  70.2"," "," 0.00","D","999.9","000000"
"60725099999","1995-07-27","36.4833333","8.8","144.0","JENDOUBA, TS","  93.0"," 7","  54.0"," 7","1014.2"," 7","998.1"," 7","  9.1"," 7","  2.2"," 7","  9.9","999.9"," 108.5"," ","  70.2"," "," 0.00","D","999.9","000000"
"60725099999","1995-07-28","36.4833333","8.8","144.0","JENDOUBA, TS","  87.9"," 7","  60.2"," 7","1014.5"," 7","998.3"," 7","  6.4"," 7","  5.7"," 7"," 12.0","999.9"," 100.8"," ","  70.5"," "," 0.00","D","999.9","000000"
"60725099999","1995-07-29","36.4833333","8.8","144.0","JENDOUBA, TS","  86.0"," 7","  57.9"," 7","1012.8"," 7","996.5"," 7","  8.5"," 7","  6.8"," 7","  9.9","999.9","  94.6"," ","  67.5"," "," 0.00","D","999.9","000000"
"60725099999","1995-07-30","36.4833333","8.8","144.0","JENDOUBA, TS","  83.5"," 7","  60.6"," 7","1010.5"," 7","996.0"," 7","  8.5"," 7","  5.4"," 7"," 12.0","999.9","  95.2"," ","  65.5"," "," 0.00","D","999.9","000000"
"60725099999","1995-07-31","36.4833333","8.8","144.0","JENDOUBA, TS","  88.5"," 6","  61.8"," 6","1009.1"," 6","993.0"," 6","  7.2"," 6","  3.7"," 6","  8.0","999.9","  99.3"," ","  67.1"," "," 0.00","D","999.9","000000"
"60725099999","1995-08-01","36.4833333","8.8","144.0","JENDOUBA, TS","  87.6"," 8","  59.4"," 8","1011.5"," 8","995.3"," 8","  6.5"," 8","  2.6"," 7","  6.0","999.9"," 100.0"," ","  70.2"," "," 0.00","D","999.9","000000"
"60725099999","1995-08-02","36.4833333","8.8","144.0","JENDOUBA, TS","  88.7"," 7","  62.1"," 7","1011.8"," 7","995.6"," 7","  6.7"," 7","  3.1"," 7","  8.0","999.9"," 104.9"," ","  70.7"," "," 0.00","D","999.9","000000"
"60725099999","1995-08-03","36.4833333","8.8","144.0","JENDOUBA, TS","  88.3"," 7","  62.3"," 7","1010.3"," 7","994.2"," 7","  6.3"," 7","  3.1"," 7"," 12.0","999.9"," 101.7"," ","  68.9"," "," 0.00","D","999.9","000000"
"60725099999","1995-08-04","36.4833333","8.8","144.0","JENDOUBA, TS","  86.9"," 7","  63.2"," 7","1010.1"," 7","993.9"," 7","  7.2"," 7","  3.7"," 7","  8.0","999.9","  99.9"," ","  69.8"," "," 0.00","D","999.9","000000"
"60725099999","1995-08-05","36.4833333","8.8","144.0","JENDOUBA, TS","  89.7"," 8","  62.9"," 8","1013.3"," 7","997.1"," 7","  6.7"," 8","  3.0"," 8","  6.0"," 11.1"," 102.9"," ","  72.5"," "," 0.00","D","999.9","000000"
"60725099999","1995-08-06","36.4833333","8.8","144.0","JENDOUBA, TS","  89.1"," 7","  61.4"," 7","1014.4"," 7","998.0"," 7","  6.2"," 7","  2.0"," 7","  8.0","999.9"," 103.5"," ","  70.2"," "," 0.00","D","999.9","000000"
"60725099999","1995-08-07","36.4833333","8.8","144.0","JENDOUBA, TS","  90.3"," 7","  67.1"," 7","1012.5"," 7","996.0"," 7","  5.9"," 7","  4.6"," 7"," 12.0","999.9"," 102.2"," ","  75.2"," "," 0.00","D","999.9","000000"
"60725099999","1995-08-08","36.4833333","8.8","144.0","JENDOUBA, TS","  90.4"," 7","  60.1"," 7","1010.6"," 7","994.5"," 7","  7.8"," 7","  5.2"," 7","  9.9","999.9"," 106.2"," ","  80.1","*"," 0.00","D","999.9","000000"
"60725099999","1995-08-09","36.4833333","8.8","144.0","JENDOUBA, TS","  87.7"," 6","  68.0"," 6","1011.9"," 6","995.7"," 6","  5.6"," 6","  4.3"," 6"," 12.0","999.9"," 104.2"," ","  72.3"," "," 0.00","D","999.9","000000"
"60725099999","1995-08-10","36.4833333","8.8","144.0","JENDOUBA, TS","  96.0"," 7","  64.1"," 7","1013.6"," 7","997.6"," 7","  5.5"," 7","  2.9"," 7","  8.0","999.9"," 112.1"," ","  81.7","*"," 0.00","D","999.9","000000"
"60725099999","1995-08-11","36.4833333","8.8","144.0","JENDOUBA, TS","  93.7"," 7","  60.8"," 7","1016.7"," 7","000.6"," 7","  6.0"," 7","  4.6"," 7"," 14.0","999.9"," 109.2"," ","  75.9"," "," 0.12","G","999.9","000000"
"60725099999","1995-08-12","36.4833333","8.8","144.0","JENDOUBA, TS","  85.6"," 7","  70.3"," 7","1017.5"," 7","001.1"," 7","  5.3"," 7","  8.0"," 7"," 15.9","999.9","  92.3"," ","  78.8"," "," 0.00","G","999.9","000000"
"60725099999","1995-08-13","36.4833333","8.8","144.0","JENDOUBA, TS","  81.8"," 7","  67.9"," 7","1015.5"," 7","999.1"," 7","  7.2"," 7","  9.1"," 7"," 15.9","999.9","  90.7"," ","  72.3"," "," 0.00","D","999.9","000000"
"60725099999","1995-08-14","36.4833333","8.8","144.0","JENDOUBA, TS","  81.8"," 7","  66.7"," 7","1014.5"," 7","998.1"," 7","  7.6"," 7","  6.3"," 7","  9.9","999.9","  89.6"," ","  73.0"," "," 0.00","D","999.9","000000"
"60725099999","1995-08-15","36.4833333","8.8","144.0","JENDOUBA, TS","  81.7"," 7","  62.1"," 7","1014.0"," 7","997.6"," 7","  8.0"," 7","  3.4"," 7","  6.0","999.9","  97.5"," ","  64.8"," "," 0.00","D","999.9","000000"
"60725099999","1995-08-16","36.4833333","8.8","144.0","JENDOUBA, TS","  80.4"," 7","  65.8"," 7","1014.4"," 7","997.9"," 7","  8.7"," 7","  5.4"," 7","  9.9","999.9","  90.3"," ","  68.4"," "," 0.00","D","999.9","000000"
"60725099999","1995-08-17","36.4833333","8.8","144.0","JENDOUBA, TS","  81.1"," 7","  64.2"," 7","1012.1"," 7","995.7"," 7","  7.2"," 7","  3.7"," 7","  8.0","999.9","  91.0"," ","  65.3"," "," 0.00","D","999.9","000000"
"60725099999","1995-08-18","36.4833333","8.8","144.0","JENDOUBA, TS","  83.9"," 7","  63.5"," 7","1010.1"," 7","993.8"," 7","  7.4"," 7","  2.6"," 7"," 12.0","999.9"," 101.5"," ","  65.1"," "," 0.00","C","999.9","000000"
"60725099999","1995-08-19","36.4833333","8.8","144.0","JENDOUBA, TS","  81.3"," 7","  68.3"," 7","1014.9"," 7","998.5"," 7","  6.9"," 7","  4.3"," 7","  9.9","999.9","  91.8"," ","  70.2"," "," 0.04","G","999.9","000000"
"60725099999","1995-08-20","36.4833333","8.8","144.0","JENDOUBA, TS","  83.5"," 6","  55.6"," 6","1015.9"," 6","999.5"," 6","  8.4"," 6","  4.7"," 6"," 12.0","999.9","  96.8"," ","  62.2"," "," 0.00","G","999.9","000000"
"60725099999","1995-08-21","36.4833333","8.8","144.0","JENDOUBA, TS","  81.7"," 7","  62.3"," 7","1013.8"," 7","997.4"," 7","  6.1"," 7","  1.7"," 7","  6.0","999.9","  94.3"," ","  69.4"," "," 0.00","D","999.9","000010"
"60725099999","1995-08-22","36.4833333","8.8","144.0","JENDOUBA, TS","  83.2"," 7","  62.6"," 7","1011.9"," 7","995.6"," 7","  6.4"," 7","  1.7"," 7","  4.1","999.9","  92.7"," ","  73.4"," "," 0.04","G","999.9","000000"
"60725099999","1995-08-23","36.4833333","8.8","144.0","JENDOUBA, TS","  81.4"," 7","  65.4"," 7","1012.8"," 7","996.3"," 7","  5.1"," 7","  5.2"," 7"," 12.0","999.9","  94.6"," ","  69.8"," "," 0.00","G","999.9","010000"
"60725099999","1995-08-24","36.4833333","8.8","144.0","JENDOUBA, TS","  80.3"," 7","  67.2"," 7","1011.1"," 7","994.7"," 7","  5.5"," 7","  5.4"," 7"," 15.9","999.9","  93.4"," ","  69.8"," "," 0.04","G","999.9","000010"
"60725099999","1995-08-25","36.4833333","8.8","144.0","JENDOUBA, TS","  77.8"," 7","  65.4"," 7","1015.6"," 7","999.0"," 7","  8.5"," 7","  5.1"," 7","  8.0","999.9","  86.0"," ","  69.3"," "," 0.20","G","999.9","000000"
"60725099999","1995-08-26","36.4833333","8.8","144.0","JENDOUBA, TS","  77.9"," 7","  62.4"," 7","1017.3"," 7","000.7"," 7","  6.2"," 7","  7.7"," 7"," 14.0","999.9","  85.3"," ","  68.4"," "," 0.00","G","999.9","000000"
"60725099999","1995-08-27","36.4833333","8.8","144.0","JENDOUBA, TS","  77.7"," 7","  63.1"," 7","1016.5"," 7","999.8"," 7","  7.8"," 7","  8.3"," 7"," 14.0","999.9","  84.9"," ","  68.9"," "," 0.00","D","999.9","000000"
"60725099999","1995-08-28","36.4833333","8.8","144.0","JENDOUBA, TS","  77.7"," 7","  58.6"," 7","1013.1"," 7","996.6"," 7","  9.9"," 7","  3.1"," 7","  9.9","999.9","  93.9"," ","  60.1"," "," 0.00","D","999.9","000000"
"60725099999","1995-08-29","36.4833333","8.8","144.0","JENDOUBA, TS","  73.9"," 7","  58.4"," 7","1017.4"," 7","000.7"," 7","  7.9"," 7","  6.9"," 7"," 12.0","999.9","  81.0"," ","  66.6"," "," 0.08","G","999.9","000000"
"60725099999","1995-08-30","36.4833333","8.8","144.0","JENDOUBA, TS","  74.7"," 7","  59.9"," 7","1016.6"," 7","999.9"," 7","  8.1"," 7","  8.0"," 7"," 12.0","999.9","  85.1"," ","  60.8"," "," 0.00","G","999.9","000000"
"60725099999","1995-09-02","36.4833333","8.8","144.0","JENDOUBA, TS","  88.1"," 4","  62.7"," 4","1015.6"," 4","999.3"," 4","  8.1"," 4","  2.0"," 4","  6.0","999.9","  97.2"," ","  76.3","*"," 0.00","D","999.9","000000"
"60725099999","1995-09-03","36.4833333","8.8","144.0","JENDOUBA, TS","  87.1"," 5","  64.7"," 5","1014.4"," 5","998.2"," 5","  7.2"," 5","  3.6"," 5","  9.9","999.9","  97.9","*","  69.1"," "," 0.04","G","999.9","000000"
"60725099999","1995-09-04","36.4833333","8.8","144.0","JENDOUBA, TS","  87.9"," 5","  61.7"," 5","1010.8"," 5","994.7"," 5","  5.7"," 5","  8.0"," 5"," 12.0","999.9","  98.4"," ","  78.1","*"," 0.00","G","999.9","000000"
"60725099999","1995-09-05","36.4833333","8.8","144.0","JENDOUBA, TS","  76.3"," 7","  64.2"," 7","1009.9"," 7","993.4"," 7","  6.8"," 7","  4.0"," 7","  9.9","999.9","  88.9"," ","  66.2"," "," 0.51","G","999.9","010010"
"60725099999","1995-09-06","36.4833333","8.8","144.0","JENDOUBA, TS","  75.8"," 7","  61.4"," 7","1011.7"," 7","995.2"," 7","  6.7"," 7","  4.6"," 7","  9.9","999.9","  86.7"," ","  62.2"," "," 0.00","G","999.9","000000"
"60725099999","1995-09-07","36.4833333","8.8","144.0","JENDOUBA, TS","  79.1"," 7","  60.6"," 7","1012.4"," 7","995.9"," 7","  8.1"," 7","  2.6"," 7","  9.9","999.9","  95.4"," ","  61.2"," "," 0.00","D","999.9","000000"
"60725099999","1995-09-08","36.4833333","8.8","144.0","JENDOUBA, TS","  78.1"," 7","  60.9"," 7","1014.7"," 7","998.1"," 7","  9.6"," 7","  5.3"," 7"," 16.9","999.9","  93.9"," ","  62.8"," "," 0.00","D","999.9","000000"
"60725099999","1995-09-09","36.4833333","8.8","144.0","JENDOUBA, TS","  79.1"," 7","  63.3"," 7","1017.8"," 7","001.2"," 7","  9.6"," 7","  4.3"," 7"," 14.0","999.9","  90.3"," ","  66.7"," "," 0.00","D","999.9","000000"
"60725099999","1995-09-10","36.4833333","8.8","144.0","JENDOUBA, TS","  82.8"," 7","  62.1"," 7","1013.3"," 7","996.9"," 7","  7.8"," 7","  1.4"," 7","  4.1","999.9","  99.7"," ","  63.0"," "," 0.00","D","999.9","000000"
"60725099999","1995-09-11","36.4833333","8.8","144.0","JENDOUBA, TS","  85.2"," 7","  65.0"," 7","1012.4"," 7","996.2"," 7","  7.4"," 7","  4.0"," 7","  9.9","999.9","  99.5"," ","  67.1"," "," 0.00","D","999.9","000000"
"60725099999","1995-09-12","36.4833333","8.8","144.0","JENDOUBA, TS","  90.3"," 7","  62.1"," 7","1011.8"," 7","995.7"," 7","  7.1"," 7","  2.9"," 7","  9.9","999.9"," 101.3"," ","  78.8","*"," 0.00","D","999.9","000000"
"60725099999","1995-09-13","36.4833333","8.8","144.0","JENDOUBA, TS","  76.3"," 7","  67.3"," 7","1014.2"," 7","997.7"," 7","  5.9"," 7","  8.3"," 7"," 12.0","999.9","  93.7","*","  69.3"," "," 0.16","G","999.9","010010"
"60725099999","1995-09-14","36.4833333","8.8","144.0","JENDOUBA, TS","  70.7"," 6","  59.0"," 6","1018.5"," 6","001.6"," 6","  7.4"," 6","  5.3"," 6","  8.0","999.9","  80.6"," ","  62.8"," "," 0.83","G","999.9","000000"
"60725099999","1995-09-15","36.4833333","8.8","144.0","JENDOUBA, TS","  73.1"," 7","  59.0"," 7","1015.7"," 7","999.0"," 7","  7.6"," 7","  1.4"," 7","  6.0","999.9","  86.9"," ","  56.7"," "," 0.00","G","999.9","000000"
"60725099999","1995-09-16","36.4833333","8.8","144.0","JENDOUBA, TS","  79.0"," 7","  55.2"," 7","1012.2"," 7","995.7"," 7","  6.1"," 7","  4.0"," 7"," 14.0","999.9","  94.6"," ","  62.6"," "," 0.00","D","999.9","000000"
"60725099999","1995-09-17","36.4833333","8.8","144.0","JENDOUBA, TS","  74.6"," 7","  67.3"," 7","1014.3"," 7","997.7"," 7","  5.7"," 7","  3.1"," 7","  6.0","999.9","  83.5"," ","  66.2"," "," 0.35","G","999.9","010010"
"60725099999","1995-09-18","36.4833333","8.8","144.0","JENDOUBA, TS","  81.3"," 8","  65.8"," 8","1013.2"," 8","996.2"," 8","  4.7"," 8","  3.8"," 8","  8.0","999.9","  98.6"," ","  69.1"," "," 0.08","G","999.9","000000"
"60725099999","1995-09-19","36.4833333","8.8","144.0","JENDOUBA, TS","  79.2"," 7","  65.8"," 7","1013.4"," 7","996.9"," 7","  4.3"," 7","  5.2"," 7"," 14.0","999.9","  89.2"," ","  71.6","*"," 0.00","G","999.9","000010"
"60725099999","1995-09-20","36.4833333","8.8","144.0","JENDOUBA, TS","  74.6"," 7","  67.0"," 7","1014.3"," 7","997.6"," 7","  5.0"," 7","  2.9"," 7","  6.0","999.9","  89.2"," ","  70.5","*"," 0.00","C","999.9","000010"
"60725099999","1995-09-21","36.4833333","8.8","144.0","JENDOUBA, TS","  72.1"," 6","  66.4"," 6","1015.9"," 6","999.1"," 6","  5.6"," 6","  2.7"," 6","  6.0","999.9","  81.3"," ","  67.1"," "," 0.43","G","999.9","000010"
"60725099999","1995-09-22","36.4833333","8.8","144.0","JENDOUBA, TS","  74.1"," 7","  65.8"," 7","1016.1"," 7","999.4"," 7","  4.3"," 7","  2.6"," 7","  6.0","999.9","  84.7"," ","  68.0","*"," 0.00","G","999.9","010010"
"60725099999","1995-09-23","36.4833333","8.8","144.0","JENDOUBA, TS","  70.9"," 7","  64.0"," 7","1017.2"," 7","000.3"," 7","  5.1"," 7","  3.4"," 7","  8.0","999.9","  76.1"," ","  65.5"," "," 0.12","G","999.9","000000"
"60725099999","1995-09-24","36.4833333","8.8","144.0","JENDOUBA, TS","  66.4"," 7","  63.3"," 7","1017.2"," 7","000.3"," 7","  4.4"," 7","  1.7"," 7","  6.0","999.9","  74.3"," ","  63.7","*"," 0.20","G","999.9","010000"
"60725099999","1995-09-25","36.4833333","8.8","144.0","JENDOUBA, TS","  67.1"," 7","  58.7"," 7","1016.7"," 7","999.8"," 7","  5.9"," 7","  4.8"," 7","  9.9","999.9","  74.8"," ","  58.3"," "," 0.31","G","999.9","000000"
"60725099999","1995-09-26","36.4833333","8.8","144.0","JENDOUBA, TS","  66.5"," 6","  59.3"," 6","1017.5"," 6","000.5"," 6","  4.4"," 6","  3.3"," 6","  9.9","999.9","  80.2"," ","  54.7"," "," 0.00","G","999.9","110010"
"60725099999","1995-09-27","36.4833333","8.8","144.0","JENDOUBA, TS","  64.0"," 7","  60.5"," 7","1019.5"," 7","002.4"," 7","  7.2"," 7","  5.2"," 7","  9.9","999.9","  67.1"," ","  59.7"," "," 0.28","G","999.9","010010"
"60725099999","1995-09-28","36.4833333","8.8","144.0","JENDOUBA, TS","  67.3"," 5","  59.2"," 5","1019.6"," 5","002.6"," 5","  7.6"," 5","  6.4"," 5","  9.9","999.9","  74.3","*","  59.4"," "," 0.08","G","999.9","000000"
"60725099999","1995-09-29","36.4833333","8.8","144.0","JENDOUBA, TS","  69.5"," 8","  61.0"," 8","1018.8"," 8","002.0"," 8","  7.5"," 8","  4.5"," 8"," 12.0","999.9","  76.1"," ","  57.9"," "," 0.00","G","999.9","000000"
"60725099999","1995-09-30","36.4833333","8.8","144.0","JENDOUBA, TS","  69.9"," 5","  60.8"," 5","1018.5"," 5","001.7"," 5","  8.8"," 5","  2.4"," 5","  4.1","999.9","  80.6","*","  58.3"," "," 0.00","I","999.9","000000"
"60725099999","1995-10-01","36.4833333","8.8","144.0","JENDOUBA, TS","  73.9"," 5","  59.1"," 5","1020.2"," 5","003.4"," 5","  5.7"," 5","  4.0"," 5","  8.0","999.9","  79.7"," ","  68.5","*"," 0.00","D","999.9","000000"
"60725099999","1995-10-02","36.4833333","8.8","144.0","JENDOUBA, TS","  71.6"," 7","  60.9"," 7","1022.7"," 7","005.7"," 7","  6.8"," 7","  1.4"," 7","  6.0","999.9","  86.7"," ","  55.4"," "," 0.00","D","999.9","000000"
"60725099999","1995-10-03","36.4833333","8.8","144.0","JENDOUBA, TS","  73.1"," 6","  63.2"," 6","1022.2"," 6","005.1"," 6","  7.4"," 6","  2.7"," 6","  6.0","999.9","  87.8"," ","  59.7"," "," 0.00","D","999.9","000000"
"60725099999","1995-10-04","36.4833333","8.8","144.0","JENDOUBA, TS","  77.1"," 8","  61.0"," 8","1019.2"," 8","002.6"," 8","  6.1"," 8","  3.3"," 8","  8.0","999.9","  88.7"," ","  61.9"," "," 0.00","D","999.9","000000"
"60725099999","1995-10-05","36.4833333","8.8","144.0","JENDOUBA, TS","  75.0"," 7","  60.7"," 7","1017.4"," 7","000.7"," 7","  6.7"," 7","  2.3"," 7","  6.0","999.9","  86.7"," ","  63.7"," "," 0.00","D","999.9","000000"
"60725099999","1995-10-06","36.4833333","8.8","144.0","JENDOUBA, TS","  74.2"," 7","  61.2"," 7","1019.8"," 7","003.0"," 7","  9.5"," 7","  2.0"," 7","  6.0","999.9","  86.2"," ","  59.5"," "," 0.00","D","999.9","000010"
"60725099999","1995-10-07","36.4833333","8.8","144.0","JENDOUBA, TS","  70.6"," 7","  63.9"," 7","1022.8"," 7","006.0"," 7","  5.0"," 7","  1.7"," 7","  4.1","999.9","  82.4","*","  65.3"," "," 0.00","D","999.9","000010"
"60725099999","1995-10-08","36.4833333","8.8","144.0","JENDOUBA, TS","  70.0"," 8","  63.3"," 8","1023.7"," 8","006.7"," 8","  3.6"," 8","  2.0"," 8","  8.0","999.9","  79.9"," ","  61.5"," "," 1.02","G","999.9","110000"
"60725099999","1995-10-09","36.4833333","8.8","144.0","JENDOUBA, TS","  69.4"," 7","  62.2"," 7","1021.0"," 7","004.0"," 7","  3.5"," 7","  0.9"," 7","  4.1","999.9","  80.1"," ","  59.0"," "," 0.01","G","999.9","100000"
"60725099999","1995-10-10","36.4833333","8.8","144.0","JENDOUBA, TS","  63.3"," 6","  59.8"," 6","1019.2"," 6","002.1"," 6","  4.2"," 6","  1.3"," 6","  1.9","999.9","  74.3"," ","  58.1"," "," 0.00","G","999.9","000010"
"60725099999","1995-10-11","36.4833333","8.8","144.0","JENDOUBA, TS","  64.6"," 6","  58.4"," 6","1018.4"," 5","001.3"," 5","  4.8"," 6","  3.0"," 6"," 12.0","999.9","  74.5"," ","  59.0","*"," 0.16","G","999.9","000000"
"60725099999","1995-10-12","36.4833333","8.8","144.0","JENDOUBA, TS","  66.9"," 7","  56.8"," 7","1020.0"," 7","003.0"," 7","  4.4"," 7","  0.9"," 7","  4.1","999.9","  80.6"," ","  53.1"," "," 0.00","G","999.9","100000"
"60725099999","1995-10-13","36.4833333","8.8","144.0","JENDOUBA, TS","  68.6"," 6","  56.9"," 6","1020.9"," 6","003.9"," 6","  5.9"," 6","  0.3"," 6","  1.9","999.9","  80.6"," ","  54.1"," "," 0.00","D","999.9","000000"
"60725099999","1995-10-14","36.4833333","8.8","144.0","JENDOUBA, TS","  69.2"," 6","  56.5"," 6","1019.5"," 6","002.6"," 6","  7.2"," 6","  1.3"," 6","  4.1","999.9","  83.8"," ","  55.4"," "," 0.00","D","999.9","000000"
"60725099999","1995-10-15","36.4833333","8.8","144.0","JENDOUBA, TS","  68.3"," 7","  61.3"," 7","1019.1"," 7","002.2"," 7","  5.5"," 7","  1.1"," 7","  6.0","  8.0","  79.2"," ","  58.3"," "," 0.00","D","999.9","010010"
"60725099999","1995-10-16","36.4833333","8.8","144.0","JENDOUBA, TS","  65.2"," 7","  62.1"," 7","1018.8"," 7","001.8"," 7","  3.7"," 7","  0.9"," 7","  4.1","999.9","  70.9"," ","  62.2"," "," 0.67","G","999.9","010000"
"60725099999","1995-10-17","36.4833333","8.8","144.0","JENDOUBA, TS","  65.7"," 7","  61.2"," 7","1021.3"," 7","004.2"," 7","  4.0"," 7","  1.7"," 7","  8.0","999.9","  74.3"," ","  59.7"," "," 0.47","G","999.9","100000"
"60725099999","1995-10-18","36.4833333","8.8","144.0","JENDOUBA, TS","  65.2"," 7","  57.7"," 7","1024.9"," 7","007.8"," 7","  4.2"," 7","  2.8"," 7","  8.0","999.9","  74.1"," ","  54.3"," "," 0.00","G","999.9","000000"
"60725099999","1995-10-19","36.4833333","8.8","144.0","JENDOUBA, TS","  64.7"," 7","  57.1"," 7","1024.5"," 7","007.3"," 7","  3.3"," 7","  2.6"," 7","  6.0","999.9","  76.3"," ","  54.7"," "," 0.00","D","999.9","000000"
"60725099999","1995-10-20","36.4833333","8.8","144.0","JENDOUBA, TS","  64.4"," 7","  56.5"," 7","1022.5"," 7","005.4"," 7","  3.6"," 7","  2.0"," 7","  6.0","999.9","  71.6","*","  53.6"," "," 0.00","D","999.9","100000"
"60725099999","1995-10-21","36.4833333","8.8","144.0","JENDOUBA, TS","  62.9"," 7","  53.5"," 7","1019.3"," 7","002.8"," 7","  4.6"," 7","  0.6"," 7","  4.1","999.9","  73.4"," ","  50.4"," "," 0.00","D","999.9","000000"
"60725099999","1995-10-22","36.4833333","8.8","144.0","JENDOUBA, TS","  62.5"," 7","  54.2"," 6","1019.2"," 7","002.1"," 7","  3.3"," 7","  2.0"," 7","  8.0","999.9","  75.2"," ","  52.5"," "," 0.00","D","999.9","000000"
"60725099999","1995-10-23","36.4833333","8.8","144.0","JENDOUBA, TS","  62.4"," 7","  53.1"," 7","1021.8"," 7","004.6"," 7","  4.4"," 7","  0.6"," 7","  4.1","999.9","  74.5"," ","  49.1"," "," 0.00","D","999.9","100000"
"60725099999","1995-10-24","36.4833333","8.8","144.0","JENDOUBA, TS","  62.0"," 7","  54.2"," 7","1022.7"," 7","005.5"," 7","  5.7"," 7","  0.6"," 7","  4.1","999.9","  75.2"," ","  50.0"," "," 0.00","D","999.9","000000"
"60725099999","1995-10-25","36.4833333","8.8","144.0","JENDOUBA, TS","  63.3"," 6","  53.0"," 6","1023.1"," 6","006.0"," 6","  4.1"," 6","  0.7"," 6","  4.1","999.9","  76.6"," ","  50.0"," "," 0.00","D","999.9","000000"
"60725099999","1995-10-26","36.4833333","8.8","144.0","JENDOUBA, TS","  63.6"," 7","  54.7"," 7","1024.0"," 7","006.9"," 7","  4.9"," 7","  1.2"," 7","  4.1","999.9","  76.6"," ","  50.0"," "," 0.00","D","999.9","000000"
"60725099999","1995-10-27","36.4833333","8.8","144.0","JENDOUBA, TS","  65.0"," 7","  56.2"," 7","1023.6"," 7","006.5"," 7","  5.6"," 7","  0.3"," 7","  1.9","999.9","  79.0"," ","  52.7"," "," 0.00","D","999.9","000000"
"60725099999","1995-10-28","36.4833333","8.8","144.0","JENDOUBA, TS","  66.2"," 7","  52.0"," 7","1021.8"," 7","004.7"," 7","  7.0"," 7","  0.9"," 7","  4.1","999.9","  81.7"," ","  50.0"," "," 0.00","D","999.9","000000"
"60725099999","1995-10-29","36.4833333","8.8","144.0","JENDOUBA, TS","  66.3"," 7","  52.7"," 7","1019.6"," 7","002.6"," 7","  5.4"," 7","  0.9"," 7","  4.1","999.9","  84.2"," ","  49.1"," "," 0.00","D","999.9","000000"
"60725099999","1995-10-30","36.4833333","8.8","144.0","JENDOUBA, TS","  70.7"," 7","  53.1"," 7","1020.2"," 7","003.3"," 7","  6.4"," 7","  1.7"," 7","  6.0","999.9","  86.4"," ","  53.2"," "," 0.00","D","999.9","000000"
"60725099999","1995-10-31","36.4833333","8.8","144.0","JENDOUBA, TS","  73.1"," 6","  54.4"," 6","1018.1"," 6","001.4"," 6","  5.6"," 6","  1.7"," 6","  8.0","999.9","  83.1"," ","  65.1","*"," 0.00","D","999.9","000000"
"60725099999","1995-11-01","36.4833333","8.8","144.0","JENDOUBA, TS","  65.6"," 6","  58.0"," 6","1018.6"," 6","001.6"," 6","  5.3"," 6","  0.3"," 6","  1.9","999.9","  74.1"," ","  53.2"," "," 0.00","D","999.9","000000"
"60725099999","1995-11-02","36.4833333","8.8","144.0","JENDOUBA, TS","  66.0"," 7","  55.2"," 7","1009.5"," 7","992.7"," 7","  5.0"," 7"," 10.0"," 7"," 21.0","999.9","  79.5","*","  55.4","*"," 0.00","H","999.9","010010"
"60725099999","1995-11-03","36.4833333","8.8","144.0","JENDOUBA, TS","  60.8"," 8","  53.4"," 8","1008.7"," 8","992.7"," 8","  4.4"," 8","  7.5"," 8","  8.0","999.9","  64.4"," ","  56.1"," "," 0.59","G","999.9","010000"
"60725099999","1995-11-04","36.4833333","8.8","144.0","JENDOUBA, TS","  61.6"," 7","  52.3"," 7","1011.8"," 7","994.7"," 7","  5.0"," 7"," 11.1"," 7"," 15.9","999.9","  65.7"," ","  56.3"," "," 0.71","G","999.9","000000"
"60725099999","1995-11-05","36.4833333","8.8","144.0","JENDOUBA, TS","  53.7"," 7","  47.2"," 7","1019.9"," 6","002.9"," 7","  4.8"," 7","  4.9"," 7","  8.0","999.9","  59.4"," ","  49.1","*"," 0.08","G","999.9","010000"
"60725099999","1995-11-06","36.4833333","8.8","144.0","JENDOUBA, TS","  51.3"," 7","  43.7"," 7","1026.5"," 7","008.9"," 7","  7.0"," 7","  3.7"," 7","  6.0","999.9","  59.2"," ","  44.6","*"," 0.16","G","999.9","000000"
"60725099999","1995-11-07","36.4833333","8.8","144.0","JENDOUBA, TS","  57.5"," 5","  49.1"," 5","1024.7"," 5","007.3"," 5"," 10.3"," 5","  4.8"," 5","  6.0","999.9","  66.9"," ","  45.3","*"," 0.00","G","999.9","000000"
"60725099999","1995-11-08","36.4833333","8.8","144.0","JENDOUBA, TS","  59.7"," 9","  45.1"," 9","1017.8"," 8","000.6"," 8","  9.1"," 9","  6.0"," 9"," 12.0","999.9","  71.2"," ","  45.7"," "," 0.00","D","999.9","000000"
"60725099999","1995-11-09","36.4833333","8.8","144.0","JENDOUBA, TS","  58.7"," 7","  50.5"," 7","1017.9"," 7","000.7"," 7","  6.4"," 7","  2.9"," 7","  8.0","999.9","  70.2"," ","  50.4","*"," 0.00","D","999.9","000000"
"60725099999","1995-11-10","36.4833333","8.8","144.0","JENDOUBA, TS","  59.7"," 7","  44.2"," 7","1016.5"," 7","999.3"," 7","  7.7"," 7","  3.2"," 7"," 16.9","999.9","  76.5"," ","  43.7"," "," 0.00","D","999.9","000000"
"60725099999","1995-11-11","36.4833333","8.8","144.0","JENDOUBA, TS","  65.3"," 6","  40.4"," 6","1016.4"," 6","998.4"," 6","  6.8"," 6","  3.7"," 6"," 12.0","999.9","  77.4"," ","  53.6"," "," 0.00","D","999.9","000000"
"60725099999","1995-11-12","36.4833333","8.8","144.0","JENDOUBA, TS","  65.9"," 7","  50.9"," 7","1014.8"," 7","997.8"," 7","  5.7"," 7","  2.9"," 7","  8.0","999.9","  79.9"," ","  53.6"," "," 0.00","D","999.9","000000"
"60725099999","1995-11-13","36.4833333","8.8","144.0","JENDOUBA, TS","  62.3"," 7","  52.4"," 7","1018.8"," 7","001.7"," 7","  6.5"," 7","  6.8"," 7"," 14.0","999.9","  69.4"," ","  54.7"," "," 0.04","G","999.9","010000"
"60725099999","1995-11-14","36.4833333","8.8","144.0","JENDOUBA, TS","  61.0"," 7","  51.2"," 7","1019.0"," 7","001.9"," 7","  5.5"," 7","  8.2"," 7"," 15.9","999.9","  66.6"," ","  54.9"," "," 0.00","G","999.9","000000"
"60725099999","1995-11-15","36.4833333","8.8","144.0","JENDOUBA, TS","  60.3"," 7","  50.0"," 7","1018.6"," 7","001.5"," 7","  8.4"," 7","  4.3"," 7","  9.9","999.9","  71.6"," ","  49.1"," "," 0.02","G","999.9","010000"
"60725099999","1995-11-16","36.4833333","8.8","144.0","JENDOUBA, TS","  62.1"," 5","  50.4"," 5","1017.5"," 5","000.4"," 5","  6.3"," 5","  0.4"," 5","  1.9","999.9","  78.1"," ","  43.5"," "," 0.00","G","999.9","100000"
"60725099999","1995-11-17","36.4833333","8.8","144.0","JENDOUBA, TS","  68.4"," 5","  48.0"," 5","1016.0"," 5","999.2"," 5","  9.7"," 5","  6.0"," 5","  9.9","999.9","  82.4"," ","  46.4"," "," 0.00","D","999.9","000000"
"60725099999","1995-11-18","36.4833333","8.8","144.0","JENDOUBA, TS","  67.6"," 5","  58.0"," 5","1017.5"," 5","000.5"," 5","  6.6"," 5"," 10.6"," 5"," 16.9","999.9","  77.0"," ","  60.3"," "," 0.00","H","999.9","010000"
"60725099999","1995-11-19","36.4833333","8.8","144.0","JENDOUBA, TS","  57.6"," 7","  52.0"," 7","1023.1"," 7","006.0"," 7","  4.8"," 7","  3.7"," 7","  6.0","999.9","  61.7","*","  54.7"," "," 0.12","G","999.9","010000"
"60725099999","1995-11-20","36.4833333","8.8","144.0","JENDOUBA, TS","  58.1"," 7","  48.1"," 7","1022.8"," 7","005.5"," 7","  5.9"," 7","  7.4"," 7","  9.9","999.9","  65.1"," ","  50.0"," "," 0.04","G","999.9","000000"
"60725099999","1995-11-21","36.4833333","8.8","144.0","JENDOUBA, TS","  56.6"," 7","  50.0"," 6","1024.3"," 7","007.0"," 7","  5.7"," 7","  3.7"," 7","  8.0","999.9","  65.5"," ","  50.0","*"," 0.00","G","999.9","000000"
"60725099999","1995-11-22","36.4833333","8.8","144.0","JENDOUBA, TS","  54.1"," 7","  49.3"," 7","1024.5"," 7","007.0"," 7","  5.6"," 7","  0.6"," 7","  4.1","999.9","  64.0"," ","  42.3"," "," 0.00","C","999.9","000000"
"60725099999","1995-11-23","36.4833333","8.8","144.0","JENDOUBA, TS","  56.0"," 7","  54.1"," 7","1021.6"," 7","004.3"," 7","  5.0"," 7","  1.2"," 7","  4.1","999.9","  63.0"," ","  52.7","*"," 0.04","G","999.9","000000"
"60725099999","1995-11-24","36.4833333","8.8","144.0","JENDOUBA, TS","  54.7"," 7","  50.5"," 7","1017.5"," 7","000.1"," 7","  3.2"," 7","  0.9"," 7","  4.1","999.9","  65.5"," ","  46.4"," "," 0.08","G","999.9","100000"
"60725099999","1995-11-25","36.4833333","8.8","144.0","JENDOUBA, TS","  54.4"," 7","  46.9"," 7","1014.5"," 7","997.2"," 7","  5.5"," 7","  3.1"," 7","  8.0","999.9","  67.1"," ","  42.4"," "," 0.00","G","999.9","100000"
"60725099999","1995-11-26","36.4833333","8.8","144.0","JENDOUBA, TS","  50.7"," 7","  47.6"," 7","1012.9"," 7","995.7"," 7","  4.6"," 7","  2.0"," 7","  4.1","999.9","  56.1"," ","  45.5","*"," 0.00","D","999.9","010000"
"60725099999","1995-11-27","36.4833333","8.8","144.0","JENDOUBA, TS","  54.1"," 6","  45.8"," 6","1015.1"," 6","998.0"," 6","  6.5"," 6","  2.0"," 6","  4.1","999.9","  65.8"," ","  40.6"," "," 0.02","G","999.9","000000"
"60725099999","1995-11-28","36.4833333","8.8","144.0","JENDOUBA, TS","  53.3"," 7","  46.7"," 6","1018.9"," 7","001.5"," 7","  5.6"," 7","  1.7"," 7","  4.1","999.9","  65.3"," ","  27.3"," "," 0.00","G","999.9","000000"
"60725099999","1995-11-29","36.4833333","8.8","144.0","JENDOUBA, TS","  49.9"," 7","  45.1"," 5","1018.0"," 7","000.6"," 7","  5.0"," 7","  1.1"," 7","  6.0","999.9","  59.4"," ","  40.1"," "," 0.00","D","999.9","000000"
"60725099999","1995-11-30","36.4833333","8.8","144.0","JENDOUBA, TS","  55.0"," 7","  54.3"," 7","1014.6"," 7","997.3"," 7","  3.6"," 7","  0.0"," 7","999.9","999.9","  59.0"," ","  47.8"," "," 0.24","G","999.9","010000"
"60725099999","1995-12-01","36.4833333","8.8","144.0","JENDOUBA, TS","  56.2"," 8","  54.7"," 8","1019.3"," 8","002.1"," 8","  4.0"," 8","  1.5"," 8","  6.0","999.9","  62.6"," ","  51.4"," "," 0.24","G","999.9","000000"
"60725099999","1995-12-02","36.4833333","8.8","144.0","JENDOUBA, TS","  54.6"," 7","  50.7"," 7","1025.3"," 7","007.9"," 7","  3.1"," 7","  1.1"," 7","  4.1","999.9","  62.8"," ","  47.3"," "," 0.00","G","999.9","100000"
"60725099999","1995-12-03","36.4833333","8.8","144.0","JENDOUBA, TS","  52.8"," 7","  49.8"," 7","1019.9"," 7","002.5"," 7","  3.4"," 7","  2.0"," 7","  4.1","999.9","  60.8"," ","  42.8"," "," 0.00","H","999.9","110000"
"60725099999","1995-12-04","36.4833333","8.8","144.0","JENDOUBA, TS","  54.1"," 7","  50.9"," 7","1013.5"," 7","996.3"," 7","  4.3"," 7","  2.6"," 7","  6.0","999.9","  56.8"," ","  48.6"," "," 0.24","G","999.9","010000"
"60725099999","1995-12-05","36.4833333","8.8","144.0","JENDOUBA, TS","  55.5"," 7","  48.0"," 7","1007.4"," 7","990.3"," 7","  5.8"," 7","  5.7"," 7","  9.9","999.9","  65.3"," ","  45.5"," "," 0.12","G","999.9","000000"
"60725099999","1995-12-06","36.4833333","8.8","144.0","JENDOUBA, TS","  52.9"," 7","  45.5"," 7","1010.7"," 7","994.0"," 6","  6.2"," 7","  9.1"," 7"," 15.9","999.9","  61.3"," ","  45.7"," "," 0.00","G","999.9","010000"
"60725099999","1995-12-07","36.4833333","8.8","144.0","JENDOUBA, TS","  53.1"," 6","  45.5"," 6","1018.0"," 6","000.6"," 6","  5.7"," 6","  4.0"," 6","  8.0","999.9","  63.0"," ","  36.7"," "," 0.00","C","999.9","000000"
"60725099999","1995-12-08","36.4833333","8.8","144.0","JENDOUBA, TS","  50.6"," 6","  45.1"," 6","1019.8"," 6","002.3"," 6","  5.2"," 6","  2.3"," 6","  6.0","999.9","  59.0"," ","  42.8","*"," 0.00","D","999.9","000000"
"60725099999","1995-12-09","36.4833333","8.8","144.0","JENDOUBA, TS","  49.6"," 6","  46.0"," 6","1023.2"," 6","005.6"," 6","  5.1"," 6","  0.7"," 6","  4.1","999.9","  61.9"," ","  37.4"," "," 0.00","D","999.9","000000"
"60725099999","1995-12-10","36.4833333","8.8","144.0","JENDOUBA, TS","  49.4"," 7","  47.6"," 7","1025.2"," 7","007.5"," 7","  2.9"," 7","  1.1"," 7","  6.0","999.9","  59.0"," ","  37.6"," "," 0.00","D","999.9","100000"
"60725099999","1995-12-11","36.4833333","8.8","144.0","JENDOUBA, TS","  51.1"," 8","  50.0"," 8","1022.4"," 7","004.8"," 7","  2.3"," 8","  1.0"," 8","  4.1","999.9","  59.9"," ","  42.1"," "," 0.00","D","999.9","100000"
"60725099999","1995-12-12","36.4833333","8.8","144.0","JENDOUBA, TS","  54.2"," 7","  51.0"," 7","1016.0"," 7","998.6"," 7","  3.5"," 7","  2.3"," 7","  4.1","999.9","  59.0"," ","  47.5"," "," 0.00","D","999.9","010000"
"60725099999","1995-12-13","36.4833333","8.8","144.0","JENDOUBA, TS","  54.6"," 7","  50.4"," 7","1013.6"," 7","996.4"," 6","  5.8"," 7","  8.0"," 7"," 12.0","999.9","  61.7"," ","  48.2","*"," 0.12","G","999.9","010000"
"60725099999","1995-12-14","36.4833333","8.8","144.0","JENDOUBA, TS","  50.2"," 7","  46.9"," 6","1013.6"," 7","996.2"," 7","  4.8"," 7","  2.0"," 7","  8.0","999.9","  59.7"," ","  39.9"," "," 0.00","G","999.9","000000"
"60725099999","1995-12-15","36.4833333","8.8","144.0","JENDOUBA, TS","  58.3"," 7","  47.2"," 7","1013.7"," 6","996.6"," 6","  8.3"," 7","  3.7"," 7","  9.9","999.9","  68.0"," ","  44.6"," "," 0.00","D","999.9","000000"
"60725099999","1995-12-16","36.4833333","8.8","144.0","JENDOUBA, TS","  60.2"," 7","  52.8"," 7","1015.4"," 7","997.8"," 7","  7.8"," 7","  2.6"," 7","  8.0","999.9","  72.7"," ","  49.3"," "," 0.12","G","999.9","010000"
"60725099999","1995-12-17","36.4833333","8.8","144.0","JENDOUBA, TS","  54.9"," 7","  52.5"," 7","1019.9"," 7","002.4"," 6","  5.6"," 7","  2.8"," 7","  9.9","999.9","  59.9"," ","  48.2","*"," 0.00","G","999.9","010000"
"60725099999","1995-12-18","36.4833333","8.8","144.0","JENDOUBA, TS","  54.6"," 7","  47.9"," 7","1021.7"," 7","004.2"," 7","  7.1"," 7","  5.7"," 7"," 12.0","999.9","  64.4"," ","  47.3"," "," 0.04","G","999.9","000000"
"60725099999","1995-12-19","36.4833333","8.8","144.0","JENDOUBA, TS","  53.0"," 7","  43.6"," 7","1018.4"," 7","001.0"," 7","  6.6"," 7","  5.7"," 7"," 12.0","999.9","  65.1"," ","  43.5"," "," 0.00","G","999.9","000000"
"60725099999","1995-12-20","36.4833333","8.8","144.0","JENDOUBA, TS","  54.2"," 7","  47.2"," 7","1019.5"," 7","002.1"," 7","  6.7"," 7","  1.7"," 7","  8.0","999.9","  63.5"," ","  33.3"," "," 0.00","D","999.9","000000"
"60725099999","1995-12-21","36.4833333","8.8","144.0","JENDOUBA, TS","  57.4"," 7","  49.3"," 7","1022.6"," 7","005.2"," 7","  5.1"," 7","  2.9"," 7","  8.0","999.9","  69.6"," ","  49.3"," "," 0.00","D","999.9","000000"
"60725099999","1995-12-22","36.4833333","8.8","144.0","JENDOUBA, TS","  54.0"," 6","  48.3"," 5","1020.9"," 6","002.8"," 6","  5.6"," 6","  0.7"," 6","  4.1","999.9","  68.4"," ","  39.2"," "," 0.00","D","999.9","100000"
"60725099999","1995-12-23","36.4833333","8.8","144.0","JENDOUBA, TS","  54.0"," 8","  47.1"," 8","1017.7"," 8","000.4"," 8","  7.4"," 8","  0.5"," 8","  1.9","999.9","  68.2"," ","  26.6"," "," 0.00","D","999.9","000000"
"60725099999","1995-12-24","36.4833333","8.8","144.0","JENDOUBA, TS","  63.7"," 7","  50.7"," 7","1016.0"," 7","999.0"," 7","  9.1"," 7","  6.5"," 7"," 12.0","999.9","  74.1"," ","  52.7"," "," 0.00","D","999.9","000000"
"60725099999","1995-12-25","36.4833333","8.8","144.0","JENDOUBA, TS","  62.1"," 9","  50.3"," 9","1014.1"," 9","997.1"," 9","  7.4"," 9","  5.5"," 9"," 12.0","999.9","  77.0"," ","  53.2"," "," 0.00","D","999.9","000000"
"60725099999","1995-12-26","36.4833333","8.8","144.0","JENDOUBA, TS","  59.6"," 7","  50.8"," 7","1010.5"," 7","993.4"," 7","  7.0"," 7","  0.3"," 7","  1.9","999.9","  75.7"," ","  44.6"," "," 0.00","D","999.9","000000"
"60725099999","1995-12-27","36.4833333","8.8","144.0","JENDOUBA, TS","  59.4"," 7","  48.8"," 7","1011.6"," 7","995.2"," 7","  6.2"," 7","  6.9"," 7"," 14.0","999.9","  68.4"," ","  49.1","*"," 0.01","G","999.9","010000"
"60725099999","1995-12-28","36.4833333","8.8","144.0","JENDOUBA, TS","  56.7"," 7","  52.8"," 7","1012.0"," 7","994.8"," 7","  5.5"," 7","  1.1"," 7","  6.0","999.9","  63.0"," ","  45.7"," "," 0.02","G","999.9","010000"
"60725099999","1995-12-29","36.4833333","8.8","144.0","JENDOUBA, TS","  56.3"," 7","  49.1"," 7","1016.8"," 7","999.5"," 7","  6.1"," 7","  3.4"," 7","  8.0","999.9","  66.4"," ","  49.6"," "," 0.12","G","999.9","000000"
"60725099999","1995-12-30","36.4833333","8.8","144.0","JENDOUBA, TS","  53.3"," 7","  51.2"," 7","1012.2"," 7","994.9"," 7","  4.3"," 7","  0.0"," 7","999.9","999.9","  59.0"," ","  45.3"," "," 2.76","G","999.9","010000"
"60725099999","1995-12-31","36.4833333","8.8","144.0","JENDOUBA, TS","  59.2"," 7","  52.5"," 7","1007.3"," 7","990.2"," 7","  4.9"," 7","  7.0"," 7"," 19.0","999.9","  68.0"," ","  51.3"," "," 0.16","G","999.9","010000"
